"Abbreviation","State","Year","ex"
"AL","Alabama",1959,68.25
"AL","Alabama",1960,67.91
"AL","Alabama",1961,68.56
"AL","Alabama",1962,68.31
"AL","Alabama",1963,68
"AL","Alabama",1964,68.33
"AL","Alabama",1965,68.21
"AL","Alabama",1966,68.26
"AL","Alabama",1967,68.98
"AL","Alabama",1968,68.61
"AL","Alabama",1969,68.71
"AL","Alabama",1970,69.15
"AL","Alabama",1971,69.45
"AL","Alabama",1972,69.56
"AL","Alabama",1973,69.6
"AL","Alabama",1974,70.18
"AL","Alabama",1975,71.03
"AL","Alabama",1976,71.21
"AL","Alabama",1977,71.38
"AL","Alabama",1978,71.91
"AL","Alabama",1979,72.36
"AL","Alabama",1980,72.32
"AL","Alabama",1981,72.86
"AL","Alabama",1982,73.31
"AL","Alabama",1983,73.38
"AL","Alabama",1984,73.29
"AL","Alabama",1985,73.3
"AL","Alabama",1986,73.28
"AL","Alabama",1987,73.6
"AL","Alabama",1988,73.35
"AL","Alabama",1989,73.53
"AL","Alabama",1990,73.66
"AL","Alabama",1991,73.64
"AL","Alabama",1992,74.2
"AL","Alabama",1993,73.83
"AL","Alabama",1994,73.94
"AL","Alabama",1995,73.93
"AL","Alabama",1996,74
"AL","Alabama",1997,74.29
"AL","Alabama",1998,74.29
"AL","Alabama",1999,74.26
"AL","Alabama",2000,74.42
"AL","Alabama",2001,74.51
"AL","Alabama",2002,74.5
"AL","Alabama",2003,74.48
"AL","Alabama",2004,74.63
"AL","Alabama",2005,74.57
"AL","Alabama",2006,74.59
"AL","Alabama",2007,74.9
"AL","Alabama",2008,74.97
"AL","Alabama",2009,75.28
"AL","Alabama",2010,75.33
"AL","Alabama",2011,75.38
"AL","Alabama",2012,75.41
"AL","Alabama",2013,75.36
"AL","Alabama",2014,75.52
"AL","Alabama",2015,75.35
"AL","Alabama",2016,75.17
"AL","Alabama",2017,75.39
"AL","Alabama",2018,75.39
"AL","Alabama",2019,75.57
"AK","Alaska",1959,68.68
"AK","Alaska",1960,67.23
"AK","Alaska",1961,67.99
"AK","Alaska",1962,67.86
"AK","Alaska",1963,68.13
"AK","Alaska",1964,67
"AK","Alaska",1965,68.64
"AK","Alaska",1966,69.21
"AK","Alaska",1967,69.33
"AK","Alaska",1968,69.24
"AK","Alaska",1969,70.05
"AK","Alaska",1970,69.22
"AK","Alaska",1971,69.47
"AK","Alaska",1972,70.19
"AK","Alaska",1973,70.32
"AK","Alaska",1974,70.83
"AK","Alaska",1975,71.63
"AK","Alaska",1976,71.71
"AK","Alaska",1977,72.13
"AK","Alaska",1978,72.12
"AK","Alaska",1979,72.91
"AK","Alaska",1980,72.38
"AK","Alaska",1981,72.97
"AK","Alaska",1982,73.48
"AK","Alaska",1983,73.72
"AK","Alaska",1984,74.16
"AK","Alaska",1985,73.92
"AK","Alaska",1986,73.88
"AK","Alaska",1987,74.5
"AK","Alaska",1988,74.79
"AK","Alaska",1989,75.01
"AK","Alaska",1990,74.96
"AK","Alaska",1991,75.42
"AK","Alaska",1992,75.39
"AK","Alaska",1993,75.54
"AK","Alaska",1994,75.68
"AK","Alaska",1995,75.57
"AK","Alaska",1996,75.83
"AK","Alaska",1997,76.24
"AK","Alaska",1998,76.8
"AK","Alaska",1999,76.61
"AK","Alaska",2000,76.14
"AK","Alaska",2001,76.43
"AK","Alaska",2002,76.88
"AK","Alaska",2003,76.61
"AK","Alaska",2004,77.49
"AK","Alaska",2005,77.67
"AK","Alaska",2006,77.33
"AK","Alaska",2007,77.41
"AK","Alaska",2008,77.76
"AK","Alaska",2009,77.76
"AK","Alaska",2010,77.9
"AK","Alaska",2011,77.98
"AK","Alaska",2012,78.2
"AK","Alaska",2013,78.33
"AK","Alaska",2014,78.29
"AK","Alaska",2015,77.99
"AK","Alaska",2016,77.8
"AK","Alaska",2017,78.31
"AK","Alaska",2018,78.73
"AK","Alaska",2019,78.5
"AZ","Arizona",1959,69.43
"AZ","Arizona",1960,69.25
"AZ","Arizona",1961,69.44
"AZ","Arizona",1962,69.38
"AZ","Arizona",1963,69.21
"AZ","Arizona",1964,69.67
"AZ","Arizona",1965,70.45
"AZ","Arizona",1966,70.13
"AZ","Arizona",1967,70.72
"AZ","Arizona",1968,70.45
"AZ","Arizona",1969,70.8
"AZ","Arizona",1970,70.9
"AZ","Arizona",1971,71.05
"AZ","Arizona",1972,71.87
"AZ","Arizona",1973,71.97
"AZ","Arizona",1974,72.52
"AZ","Arizona",1975,73.28
"AZ","Arizona",1976,73.68
"AZ","Arizona",1977,73.89
"AZ","Arizona",1978,73.89
"AZ","Arizona",1979,74.31
"AZ","Arizona",1980,74.17
"AZ","Arizona",1981,74.79
"AZ","Arizona",1982,75.25
"AZ","Arizona",1983,75.49
"AZ","Arizona",1984,75.29
"AZ","Arizona",1985,75.53
"AZ","Arizona",1986,75.54
"AZ","Arizona",1987,75.46
"AZ","Arizona",1988,75.66
"AZ","Arizona",1989,75.93
"AZ","Arizona",1990,76.23
"AZ","Arizona",1991,76.37
"AZ","Arizona",1992,76.32
"AZ","Arizona",1993,76.07
"AZ","Arizona",1994,76.21
"AZ","Arizona",1995,76.41
"AZ","Arizona",1996,76.61
"AZ","Arizona",1997,77.02
"AZ","Arizona",1998,77.05
"AZ","Arizona",1999,77
"AZ","Arizona",2000,77.14
"AZ","Arizona",2001,77.3
"AZ","Arizona",2002,77.26
"AZ","Arizona",2003,77.46
"AZ","Arizona",2004,77.83
"AZ","Arizona",2005,77.54
"AZ","Arizona",2006,77.74
"AZ","Arizona",2007,78.32
"AZ","Arizona",2008,78.73
"AZ","Arizona",2009,79.02
"AZ","Arizona",2010,79.21
"AZ","Arizona",2011,79.26
"AZ","Arizona",2012,79.3
"AZ","Arizona",2013,79.44
"AZ","Arizona",2014,79.57
"AZ","Arizona",2015,79.46
"AZ","Arizona",2016,79.27
"AZ","Arizona",2017,79.45
"AZ","Arizona",2018,79.49
"AZ","Arizona",2019,79.72
"AR","Arkansas",1959,70.37
"AR","Arkansas",1960,69.89
"AR","Arkansas",1961,70.47
"AR","Arkansas",1962,69.77
"AR","Arkansas",1963,69.57
"AR","Arkansas",1964,69.83
"AR","Arkansas",1965,70.29
"AR","Arkansas",1966,70.42
"AR","Arkansas",1967,70.65
"AR","Arkansas",1968,70.01
"AR","Arkansas",1969,70.32
"AR","Arkansas",1970,70.75
"AR","Arkansas",1971,70.94
"AR","Arkansas",1972,70.9
"AR","Arkansas",1973,71.03
"AR","Arkansas",1974,71.43
"AR","Arkansas",1975,72
"AR","Arkansas",1976,72.72
"AR","Arkansas",1977,73.07
"AR","Arkansas",1978,72.95
"AR","Arkansas",1979,73.72
"AR","Arkansas",1980,73.34
"AR","Arkansas",1981,73.88
"AR","Arkansas",1982,74.17
"AR","Arkansas",1983,74.04
"AR","Arkansas",1984,73.99
"AR","Arkansas",1985,73.85
"AR","Arkansas",1986,74.15
"AR","Arkansas",1987,74.06
"AR","Arkansas",1988,73.98
"AR","Arkansas",1989,74.22
"AR","Arkansas",1990,74.35
"AR","Arkansas",1991,74.3
"AR","Arkansas",1992,74.6
"AR","Arkansas",1993,74.17
"AR","Arkansas",1994,74.44
"AR","Arkansas",1995,74.55
"AR","Arkansas",1996,74.82
"AR","Arkansas",1997,74.43
"AR","Arkansas",1998,74.85
"AR","Arkansas",1999,74.95
"AR","Arkansas",2000,74.78
"AR","Arkansas",2001,75.05
"AR","Arkansas",2002,74.82
"AR","Arkansas",2003,75.15
"AR","Arkansas",2004,75.27
"AR","Arkansas",2005,75.35
"AR","Arkansas",2006,75.45
"AR","Arkansas",2007,75.65
"AR","Arkansas",2008,75.33
"AR","Arkansas",2009,75.73
"AR","Arkansas",2010,75.98
"AR","Arkansas",2011,75.88
"AR","Arkansas",2012,75.82
"AR","Arkansas",2013,75.87
"AR","Arkansas",2014,75.96
"AR","Arkansas",2015,75.7
"AR","Arkansas",2016,75.76
"AR","Arkansas",2017,75.61
"AR","Arkansas",2018,75.99
"AR","Arkansas",2019,76.11
"CA","California",1959,71.18
"CA","California",1960,70.83
"CA","California",1961,71.07
"CA","California",1962,71.09
"CA","California",1963,70.88
"CA","California",1964,70.96
"CA","California",1965,71.1
"CA","California",1966,71.1
"CA","California",1967,71.45
"CA","California",1968,71.51
"CA","California",1969,71.44
"CA","California",1970,71.8
"CA","California",1971,72.01
"CA","California",1972,72.29
"CA","California",1973,72.52
"CA","California",1974,73.03
"CA","California",1975,73.35
"CA","California",1976,73.76
"CA","California",1977,74.18
"CA","California",1978,74.21
"CA","California",1979,74.54
"CA","California",1980,74.33
"CA","California",1981,74.83
"CA","California",1982,75.01
"CA","California",1983,75.35
"CA","California",1984,75.23
"CA","California",1985,75.14
"CA","California",1986,75.29
"CA","California",1987,75.3
"CA","California",1988,75.27
"CA","California",1989,75.43
"CA","California",1990,75.82
"CA","California",1991,76.07
"CA","California",1992,76.32
"CA","California",1993,76.25
"CA","California",1994,76.38
"CA","California",1995,76.64
"CA","California",1996,77.1
"CA","California",1997,77.44
"CA","California",1998,77.64
"CA","California",1999,77.87
"CA","California",2000,78.09
"CA","California",2001,78.13
"CA","California",2002,78.37
"CA","California",2003,78.39
"CA","California",2004,78.91
"CA","California",2005,78.92
"CA","California",2006,79.16
"CA","California",2007,79.55
"CA","California",2008,79.86
"CA","California",2009,80.2
"CA","California",2010,80.55
"CA","California",2011,80.6
"CA","California",2012,80.8
"CA","California",2013,80.83
"CA","California",2014,81.19
"CA","California",2015,80.94
"CA","California",2016,81.03
"CA","California",2017,81.09
"CA","California",2018,81.28
"CA","California",2019,81.43
"CO","Colorado",1959,70.88
"CO","Colorado",1960,70.9
"CO","Colorado",1961,71.22
"CO","Colorado",1962,70.94
"CO","Colorado",1963,71.05
"CO","Colorado",1964,71.02
"CO","Colorado",1965,71.5
"CO","Colorado",1966,71.68
"CO","Colorado",1967,72.01
"CO","Colorado",1968,71.32
"CO","Colorado",1969,72.13
"CO","Colorado",1970,72.13
"CO","Colorado",1971,72.35
"CO","Colorado",1972,72.81
"CO","Colorado",1973,72.66
"CO","Colorado",1974,73.48
"CO","Colorado",1975,74.16
"CO","Colorado",1976,74.26
"CO","Colorado",1977,74.76
"CO","Colorado",1978,74.89
"CO","Colorado",1979,75.29
"CO","Colorado",1980,75.42
"CO","Colorado",1981,75.5
"CO","Colorado",1982,75.85
"CO","Colorado",1983,76.23
"CO","Colorado",1984,76.14
"CO","Colorado",1985,76.53
"CO","Colorado",1986,76.43
"CO","Colorado",1987,76.59
"CO","Colorado",1988,76.77
"CO","Colorado",1989,77.16
"CO","Colorado",1990,77.21
"CO","Colorado",1991,77.01
"CO","Colorado",1992,77.53
"CO","Colorado",1993,77.27
"CO","Colorado",1994,77.45
"CO","Colorado",1995,77.52
"CO","Colorado",1996,77.7
"CO","Colorado",1997,78.04
"CO","Colorado",1998,77.98
"CO","Colorado",1999,78.11
"CO","Colorado",2000,78.36
"CO","Colorado",2001,78.34
"CO","Colorado",2002,78.3
"CO","Colorado",2003,78.4
"CO","Colorado",2004,79.11
"CO","Colorado",2005,78.99
"CO","Colorado",2006,79.4
"CO","Colorado",2007,79.61
"CO","Colorado",2008,79.44
"CO","Colorado",2009,79.74
"CO","Colorado",2010,80.09
"CO","Colorado",2011,80.12
"CO","Colorado",2012,80.34
"CO","Colorado",2013,80.44
"CO","Colorado",2014,80.29
"CO","Colorado",2015,80.3
"CO","Colorado",2016,80.14
"CO","Colorado",2017,80.31
"CO","Colorado",2018,80.46
"CO","Colorado",2019,80.46
"DE","Delaware",1959,69.65
"DE","Delaware",1960,69.08
"DE","Delaware",1961,69.87
"DE","Delaware",1962,69.72
"DE","Delaware",1963,69.58
"DE","Delaware",1964,69.72
"DE","Delaware",1965,69.61
"DE","Delaware",1966,69.19
"DE","Delaware",1967,69.77
"DE","Delaware",1968,69.31
"DE","Delaware",1969,69.8
"DE","Delaware",1970,69.92
"DE","Delaware",1971,70.93
"DE","Delaware",1972,70.65
"DE","Delaware",1973,71.06
"DE","Delaware",1974,71.21
"DE","Delaware",1975,72.42
"DE","Delaware",1976,72.74
"DE","Delaware",1977,73.22
"DE","Delaware",1978,72.92
"DE","Delaware",1979,73.17
"DE","Delaware",1980,73.15
"DE","Delaware",1981,73.6
"DE","Delaware",1982,73.7
"DE","Delaware",1983,74.58
"DE","Delaware",1984,74.61
"DE","Delaware",1985,73.93
"DE","Delaware",1986,74.11
"DE","Delaware",1987,74.39
"DE","Delaware",1988,74.26
"DE","Delaware",1989,74.37
"DE","Delaware",1990,75.03
"DE","Delaware",1991,75.1
"DE","Delaware",1992,75.49
"DE","Delaware",1993,75.42
"DE","Delaware",1994,75.33
"DE","Delaware",1995,75.78
"DE","Delaware",1996,75.74
"DE","Delaware",1997,76.16
"DE","Delaware",1998,76.34
"DE","Delaware",1999,76.69
"DE","Delaware",2000,76.38
"DE","Delaware",2001,76.18
"DE","Delaware",2002,77.04
"DE","Delaware",2003,76.98
"DE","Delaware",2004,77.08
"DE","Delaware",2005,77.15
"DE","Delaware",2006,77.68
"DE","Delaware",2007,78
"DE","Delaware",2008,77.65
"DE","Delaware",2009,78.16
"DE","Delaware",2010,78.22
"DE","Delaware",2011,78.26
"DE","Delaware",2012,78.59
"DE","Delaware",2013,78.88
"DE","Delaware",2014,78.87
"DE","Delaware",2015,78.45
"DE","Delaware",2016,78.37
"DE","Delaware",2017,78.27
"DE","Delaware",2018,78.19
"DE","Delaware",2019,78.58
"FL","Florida",1959,70.34
"FL","Florida",1960,69.87
"FL","Florida",1961,70.45
"FL","Florida",1962,70.15
"FL","Florida",1963,70.15
"FL","Florida",1964,70.45
"FL","Florida",1965,70.53
"FL","Florida",1966,70.51
"FL","Florida",1967,71.03
"FL","Florida",1968,70.48
"FL","Florida",1969,70.49
"FL","Florida",1970,70.75
"FL","Florida",1971,71.32
"FL","Florida",1972,71.3
"FL","Florida",1973,71.26
"FL","Florida",1974,72.15
"FL","Florida",1975,73.03
"FL","Florida",1976,73.5
"FL","Florida",1977,73.71
"FL","Florida",1978,73.93
"FL","Florida",1979,74.09
"FL","Florida",1980,73.82
"FL","Florida",1981,74.03
"FL","Florida",1982,74.74
"FL","Florida",1983,74.91
"FL","Florida",1984,75.17
"FL","Florida",1985,74.96
"FL","Florida",1986,75.17
"FL","Florida",1987,75.24
"FL","Florida",1988,75.13
"FL","Florida",1989,75.41
"FL","Florida",1990,75.66
"FL","Florida",1991,75.96
"FL","Florida",1992,76.16
"FL","Florida",1993,75.88
"FL","Florida",1994,75.97
"FL","Florida",1995,75.99
"FL","Florida",1996,76.52
"FL","Florida",1997,76.9
"FL","Florida",1998,76.99
"FL","Florida",1999,76.91
"FL","Florida",2000,76.97
"FL","Florida",2001,77.04
"FL","Florida",2002,77.21
"FL","Florida",2003,77.33
"FL","Florida",2004,77.57
"FL","Florida",2005,77.7
"FL","Florida",2006,77.91
"FL","Florida",2007,78.28
"FL","Florida",2008,78.43
"FL","Florida",2009,78.77
"FL","Florida",2010,78.95
"FL","Florida",2011,79.26
"FL","Florida",2012,79.48
"FL","Florida",2013,79.58
"FL","Florida",2014,79.58
"FL","Florida",2015,79.49
"FL","Florida",2016,79.32
"FL","Florida",2017,79.37
"FL","Florida",2018,79.66
"FL","Florida",2019,79.89
"GA","Georgia",1959,67.91
"GA","Georgia",1960,67.5
"GA","Georgia",1961,68.35
"GA","Georgia",1962,68
"GA","Georgia",1963,67.66
"GA","Georgia",1964,68.01
"GA","Georgia",1965,68.11
"GA","Georgia",1966,68.21
"GA","Georgia",1967,68.57
"GA","Georgia",1968,67.84
"GA","Georgia",1969,68.23
"GA","Georgia",1970,68.37
"GA","Georgia",1971,68.95
"GA","Georgia",1972,68.99
"GA","Georgia",1973,69.1
"GA","Georgia",1974,69.87
"GA","Georgia",1975,70.78
"GA","Georgia",1976,71.24
"GA","Georgia",1977,71.31
"GA","Georgia",1978,71.59
"GA","Georgia",1979,72.08
"GA","Georgia",1980,72.14
"GA","Georgia",1981,72.42
"GA","Georgia",1982,73.07
"GA","Georgia",1983,72.99
"GA","Georgia",1984,73.17
"GA","Georgia",1985,73.03
"GA","Georgia",1986,73.18
"GA","Georgia",1987,73.25
"GA","Georgia",1988,73.16
"GA","Georgia",1989,73.34
"GA","Georgia",1990,73.78
"GA","Georgia",1991,73.99
"GA","Georgia",1992,74.35
"GA","Georgia",1993,74.06
"GA","Georgia",1994,74.38
"GA","Georgia",1995,74.38
"GA","Georgia",1996,74.63
"GA","Georgia",1997,75.04
"GA","Georgia",1998,75.16
"GA","Georgia",1999,75.18
"GA","Georgia",2000,75.1
"GA","Georgia",2001,75.28
"GA","Georgia",2002,75.46
"GA","Georgia",2003,75.54
"GA","Georgia",2004,75.91
"GA","Georgia",2005,76.14
"GA","Georgia",2006,76.29
"GA","Georgia",2007,76.53
"GA","Georgia",2008,76.77
"GA","Georgia",2009,77.1
"GA","Georgia",2010,77.25
"GA","Georgia",2011,77.58
"GA","Georgia",2012,77.76
"GA","Georgia",2013,77.63
"GA","Georgia",2014,77.64
"GA","Georgia",2015,77.45
"GA","Georgia",2016,77.47
"GA","Georgia",2017,77.62
"GA","Georgia",2018,77.71
"GA","Georgia",2019,77.93
"HI","Hawaii",1959,71.52
"HI","Hawaii",1960,71.34
"HI","Hawaii",1961,72.34
"HI","Hawaii",1962,72.31
"HI","Hawaii",1963,72.3
"HI","Hawaii",1964,72.83
"HI","Hawaii",1965,73.09
"HI","Hawaii",1966,73.27
"HI","Hawaii",1967,73.32
"HI","Hawaii",1968,72.77
"HI","Hawaii",1969,73.28
"HI","Hawaii",1970,74.04
"HI","Hawaii",1971,74.31
"HI","Hawaii",1972,74.58
"HI","Hawaii",1973,74.98
"HI","Hawaii",1974,75.52
"HI","Hawaii",1975,76.12
"HI","Hawaii",1976,76.55
"HI","Hawaii",1977,76.97
"HI","Hawaii",1978,77.19
"HI","Hawaii",1979,76.9
"HI","Hawaii",1980,77.05
"HI","Hawaii",1981,77.6
"HI","Hawaii",1982,77.68
"HI","Hawaii",1983,77.49
"HI","Hawaii",1984,77.66
"HI","Hawaii",1985,77.85
"HI","Hawaii",1986,78.06
"HI","Hawaii",1987,77.83
"HI","Hawaii",1988,78.66
"HI","Hawaii",1989,78.18
"HI","Hawaii",1990,78.16
"HI","Hawaii",1991,78.66
"HI","Hawaii",1992,78.74
"HI","Hawaii",1993,78.62
"HI","Hawaii",1994,78.86
"HI","Hawaii",1995,78.73
"HI","Hawaii",1996,78.77
"HI","Hawaii",1997,79.13
"HI","Hawaii",1998,79.25
"HI","Hawaii",1999,79.35
"HI","Hawaii",2000,79.51
"HI","Hawaii",2001,79.79
"HI","Hawaii",2002,79.73
"HI","Hawaii",2003,79.82
"HI","Hawaii",2004,80.14
"HI","Hawaii",2005,80.27
"HI","Hawaii",2006,80.16
"HI","Hawaii",2007,80.49
"HI","Hawaii",2008,80.96
"HI","Hawaii",2009,80.64
"HI","Hawaii",2010,81.3
"HI","Hawaii",2011,81.31
"HI","Hawaii",2012,81.45
"HI","Hawaii",2013,81.39
"HI","Hawaii",2014,81.64
"HI","Hawaii",2015,81.5
"HI","Hawaii",2016,81.78
"HI","Hawaii",2017,81.57
"HI","Hawaii",2018,81.85
"HI","Hawaii",2019,81.76
"ID","Idaho",1959,71.07
"ID","Idaho",1960,71.4
"ID","Idaho",1961,71.29
"ID","Idaho",1962,71.38
"ID","Idaho",1963,71.25
"ID","Idaho",1964,71.47
"ID","Idaho",1965,71.22
"ID","Idaho",1966,71.48
"ID","Idaho",1967,72.06
"ID","Idaho",1968,71.97
"ID","Idaho",1969,71.89
"ID","Idaho",1970,72.01
"ID","Idaho",1971,72.14
"ID","Idaho",1972,72.32
"ID","Idaho",1973,72.72
"ID","Idaho",1974,73.04
"ID","Idaho",1975,73.55
"ID","Idaho",1976,73.63
"ID","Idaho",1977,74.35
"ID","Idaho",1978,74.7
"ID","Idaho",1979,75.43
"ID","Idaho",1980,75.16
"ID","Idaho",1981,75.33
"ID","Idaho",1982,75.67
"ID","Idaho",1983,75.51
"ID","Idaho",1984,75.75
"ID","Idaho",1985,76.37
"ID","Idaho",1986,75.99
"ID","Idaho",1987,76.38
"ID","Idaho",1988,76.18
"ID","Idaho",1989,76.75
"ID","Idaho",1990,77.21
"ID","Idaho",1991,77.19
"ID","Idaho",1992,77.36
"ID","Idaho",1993,77.17
"ID","Idaho",1994,77.36
"ID","Idaho",1995,77.6
"ID","Idaho",1996,77.74
"ID","Idaho",1997,77.75
"ID","Idaho",1998,77.88
"ID","Idaho",1999,77.77
"ID","Idaho",2000,78.08
"ID","Idaho",2001,78.14
"ID","Idaho",2002,78.34
"ID","Idaho",2003,78.15
"ID","Idaho",2004,78.71
"ID","Idaho",2005,78.69
"ID","Idaho",2006,78.86
"ID","Idaho",2007,79.04
"ID","Idaho",2008,79.28
"ID","Idaho",2009,79.36
"ID","Idaho",2010,79.4
"ID","Idaho",2011,79.28
"ID","Idaho",2012,79.54
"ID","Idaho",2013,79.21
"ID","Idaho",2014,79.35
"ID","Idaho",2015,79.42
"ID","Idaho",2016,79.3
"ID","Idaho",2017,79.24
"ID","Idaho",2018,79.31
"ID","Idaho",2019,79.7
"IL","Illinois",1959,69.57
"IL","Illinois",1960,69.55
"IL","Illinois",1961,69.95
"IL","Illinois",1962,69.86
"IL","Illinois",1963,69.65
"IL","Illinois",1964,69.75
"IL","Illinois",1965,69.7
"IL","Illinois",1966,69.44
"IL","Illinois",1967,69.75
"IL","Illinois",1968,69.47
"IL","Illinois",1969,69.81
"IL","Illinois",1970,70.06
"IL","Illinois",1971,70.44
"IL","Illinois",1972,70.62
"IL","Illinois",1973,70.65
"IL","Illinois",1974,71.14
"IL","Illinois",1975,71.81
"IL","Illinois",1976,72.22
"IL","Illinois",1977,72.47
"IL","Illinois",1978,72.74
"IL","Illinois",1979,73.04
"IL","Illinois",1980,73.26
"IL","Illinois",1981,73.6
"IL","Illinois",1982,73.98
"IL","Illinois",1983,74.05
"IL","Illinois",1984,74.42
"IL","Illinois",1985,74.42
"IL","Illinois",1986,74.34
"IL","Illinois",1987,74.61
"IL","Illinois",1988,74.39
"IL","Illinois",1989,74.64
"IL","Illinois",1990,74.92
"IL","Illinois",1991,74.95
"IL","Illinois",1992,75.41
"IL","Illinois",1993,75.08
"IL","Illinois",1994,75.17
"IL","Illinois",1995,75.31
"IL","Illinois",1996,75.81
"IL","Illinois",1997,76.36
"IL","Illinois",1998,76.4
"IL","Illinois",1999,76.23
"IL","Illinois",2000,76.55
"IL","Illinois",2001,76.8
"IL","Illinois",2002,76.87
"IL","Illinois",2003,77.14
"IL","Illinois",2004,77.57
"IL","Illinois",2005,77.62
"IL","Illinois",2006,77.94
"IL","Illinois",2007,78.27
"IL","Illinois",2008,78.16
"IL","Illinois",2009,78.64
"IL","Illinois",2010,78.92
"IL","Illinois",2011,78.97
"IL","Illinois",2012,79.11
"IL","Illinois",2013,79.26
"IL","Illinois",2014,79.18
"IL","Illinois",2015,79.18
"IL","Illinois",2016,79.11
"IL","Illinois",2017,79.02
"IL","Illinois",2018,79.13
"IL","Illinois",2019,79.4
"IN","Indiana",1959,70.49
"IN","Indiana",1960,70.26
"IN","Indiana",1961,70.69
"IN","Indiana",1962,70.53
"IN","Indiana",1963,70.03
"IN","Indiana",1964,70.47
"IN","Indiana",1965,70.39
"IN","Indiana",1966,70.3
"IN","Indiana",1967,70.64
"IN","Indiana",1968,70.32
"IN","Indiana",1969,70.52
"IN","Indiana",1970,70.94
"IN","Indiana",1971,71.17
"IN","Indiana",1972,71.29
"IN","Indiana",1973,71.3
"IN","Indiana",1974,72.01
"IN","Indiana",1975,72.63
"IN","Indiana",1976,72.88
"IN","Indiana",1977,72.98
"IN","Indiana",1978,73.19
"IN","Indiana",1979,73.61
"IN","Indiana",1980,73.85
"IN","Indiana",1981,74.05
"IN","Indiana",1982,74.54
"IN","Indiana",1983,74.51
"IN","Indiana",1984,74.74
"IN","Indiana",1985,74.76
"IN","Indiana",1986,74.59
"IN","Indiana",1987,74.99
"IN","Indiana",1988,74.85
"IN","Indiana",1989,75.33
"IN","Indiana",1990,75.4
"IN","Indiana",1991,75.45
"IN","Indiana",1992,75.79
"IN","Indiana",1993,75.51
"IN","Indiana",1994,75.61
"IN","Indiana",1995,75.54
"IN","Indiana",1996,75.89
"IN","Indiana",1997,76.05
"IN","Indiana",1998,76.17
"IN","Indiana",1999,75.98
"IN","Indiana",2000,76.02
"IN","Indiana",2001,76.27
"IN","Indiana",2002,76.41
"IN","Indiana",2003,76.41
"IN","Indiana",2004,76.88
"IN","Indiana",2005,76.73
"IN","Indiana",2006,76.85
"IN","Indiana",2007,77.42
"IN","Indiana",2008,77.16
"IN","Indiana",2009,77.42
"IN","Indiana",2010,77.53
"IN","Indiana",2011,77.43
"IN","Indiana",2012,77.47
"IN","Indiana",2013,77.32
"IN","Indiana",2014,77.42
"IN","Indiana",2015,77.21
"IN","Indiana",2016,77.08
"IN","Indiana",2017,76.8
"IN","Indiana",2018,77.11
"IN","Indiana",2019,77.24
"IA","Iowa",1959,71.83
"IA","Iowa",1960,71.92
"IA","Iowa",1961,72.24
"IA","Iowa",1962,72.28
"IA","Iowa",1963,72.08
"IA","Iowa",1964,72.09
"IA","Iowa",1965,72.1
"IA","Iowa",1966,72.16
"IA","Iowa",1967,72.55
"IA","Iowa",1968,72.2
"IA","Iowa",1969,72.52
"IA","Iowa",1970,72.56
"IA","Iowa",1971,72.75
"IA","Iowa",1972,72.96
"IA","Iowa",1973,73.26
"IA","Iowa",1974,73.66
"IA","Iowa",1975,74.14
"IA","Iowa",1976,74.42
"IA","Iowa",1977,75.23
"IA","Iowa",1978,75.09
"IA","Iowa",1979,75.68
"IA","Iowa",1980,75.75
"IA","Iowa",1981,76.07
"IA","Iowa",1982,76.29
"IA","Iowa",1983,76.26
"IA","Iowa",1984,76.66
"IA","Iowa",1985,76.38
"IA","Iowa",1986,76.88
"IA","Iowa",1987,76.79
"IA","Iowa",1988,76.79
"IA","Iowa",1989,77.07
"IA","Iowa",1990,77.53
"IA","Iowa",1991,77.35
"IA","Iowa",1992,77.87
"IA","Iowa",1993,77.58
"IA","Iowa",1994,77.56
"IA","Iowa",1995,77.61
"IA","Iowa",1996,77.84
"IA","Iowa",1997,78.17
"IA","Iowa",1998,78.1
"IA","Iowa",1999,78.21
"IA","Iowa",2000,78.33
"IA","Iowa",2001,78.63
"IA","Iowa",2002,78.74
"IA","Iowa",2003,78.65
"IA","Iowa",2004,79.24
"IA","Iowa",2005,78.98
"IA","Iowa",2006,79.29
"IA","Iowa",2007,79.39
"IA","Iowa",2008,79.01
"IA","Iowa",2009,79.52
"IA","Iowa",2010,79.58
"IA","Iowa",2011,79.55
"IA","Iowa",2012,79.64
"IA","Iowa",2013,79.57
"IA","Iowa",2014,79.56
"IA","Iowa",2015,79.54
"IA","Iowa",2016,79.37
"IA","Iowa",2017,79.24
"IA","Iowa",2018,79.43
"IA","Iowa",2019,79.27
"KS","Kansas",1959,71.93
"KS","Kansas",1960,71.86
"KS","Kansas",1961,72.15
"KS","Kansas",1962,71.99
"KS","Kansas",1963,71.79
"KS","Kansas",1964,72.15
"KS","Kansas",1965,72.3
"KS","Kansas",1966,72.23
"KS","Kansas",1967,72.48
"KS","Kansas",1968,72.24
"KS","Kansas",1969,72.12
"KS","Kansas",1970,72.81
"KS","Kansas",1971,72.73
"KS","Kansas",1972,72.93
"KS","Kansas",1973,73.06
"KS","Kansas",1974,73.41
"KS","Kansas",1975,73.93
"KS","Kansas",1976,74.25
"KS","Kansas",1977,74.52
"KS","Kansas",1978,74.73
"KS","Kansas",1979,75.33
"KS","Kansas",1980,75.16
"KS","Kansas",1981,75.42
"KS","Kansas",1982,75.74
"KS","Kansas",1983,75.87
"KS","Kansas",1984,75.88
"KS","Kansas",1985,76.16
"KS","Kansas",1986,76.22
"KS","Kansas",1987,76.51
"KS","Kansas",1988,76.32
"KS","Kansas",1989,76.73
"KS","Kansas",1990,76.95
"KS","Kansas",1991,76.73
"KS","Kansas",1992,77.22
"KS","Kansas",1993,76.79
"KS","Kansas",1994,77.08
"KS","Kansas",1995,77.02
"KS","Kansas",1996,76.99
"KS","Kansas",1997,77.35
"KS","Kansas",1998,77.34
"KS","Kansas",1999,77.25
"KS","Kansas",2000,77.42
"KS","Kansas",2001,77.36
"KS","Kansas",2002,77.36
"KS","Kansas",2003,77.71
"KS","Kansas",2004,77.98
"KS","Kansas",2005,77.78
"KS","Kansas",2006,77.92
"KS","Kansas",2007,78.19
"KS","Kansas",2008,78.1
"KS","Kansas",2009,78.53
"KS","Kansas",2010,78.57
"KS","Kansas",2011,78.56
"KS","Kansas",2012,78.6
"KS","Kansas",2013,78.7
"KS","Kansas",2014,78.67
"KS","Kansas",2015,78.48
"KS","Kansas",2016,78.64
"KS","Kansas",2017,78.36
"KS","Kansas",2018,78.31
"KS","Kansas",2019,78.45
"KY","Kentucky",1959,69.79
"KY","Kentucky",1960,69.57
"KY","Kentucky",1961,69.96
"KY","Kentucky",1962,69.8
"KY","Kentucky",1963,69.55
"KY","Kentucky",1964,70.02
"KY","Kentucky",1965,70.19
"KY","Kentucky",1966,70.07
"KY","Kentucky",1967,70.07
"KY","Kentucky",1968,69.85
"KY","Kentucky",1969,69.99
"KY","Kentucky",1970,70.01
"KY","Kentucky",1971,70.34
"KY","Kentucky",1972,70.46
"KY","Kentucky",1973,70.45
"KY","Kentucky",1974,71.17
"KY","Kentucky",1975,71.49
"KY","Kentucky",1976,72.19
"KY","Kentucky",1977,71.96
"KY","Kentucky",1978,72.48
"KY","Kentucky",1979,72.99
"KY","Kentucky",1980,72.83
"KY","Kentucky",1981,73.29
"KY","Kentucky",1982,73.55
"KY","Kentucky",1983,73.42
"KY","Kentucky",1984,73.82
"KY","Kentucky",1985,73.71
"KY","Kentucky",1986,73.77
"KY","Kentucky",1987,73.99
"KY","Kentucky",1988,73.87
"KY","Kentucky",1989,74.05
"KY","Kentucky",1990,74.44
"KY","Kentucky",1991,74.46
"KY","Kentucky",1992,74.84
"KY","Kentucky",1993,74.52
"KY","Kentucky",1994,74.65
"KY","Kentucky",1995,74.79
"KY","Kentucky",1996,74.98
"KY","Kentucky",1997,75.03
"KY","Kentucky",1998,75.28
"KY","Kentucky",1999,75.1
"KY","Kentucky",2000,75.08
"KY","Kentucky",2001,75.12
"KY","Kentucky",2002,74.91
"KY","Kentucky",2003,75.11
"KY","Kentucky",2004,75.58
"KY","Kentucky",2005,75.44
"KY","Kentucky",2006,75.59
"KY","Kentucky",2007,75.88
"KY","Kentucky",2008,75.84
"KY","Kentucky",2009,75.81
"KY","Kentucky",2010,75.84
"KY","Kentucky",2011,75.93
"KY","Kentucky",2012,75.78
"KY","Kentucky",2013,76.16
"KY","Kentucky",2014,75.85
"KY","Kentucky",2015,75.51
"KY","Kentucky",2016,75.2
"KY","Kentucky",2017,75.31
"KY","Kentucky",2018,75.54
"KY","Kentucky",2019,75.78
"LA","Louisiana",1959,68.18
"LA","Louisiana",1960,67.9
"LA","Louisiana",1961,68.7
"LA","Louisiana",1962,68.22
"LA","Louisiana",1963,68.22
"LA","Louisiana",1964,68.1
"LA","Louisiana",1965,68.02
"LA","Louisiana",1966,68
"LA","Louisiana",1967,68.65
"LA","Louisiana",1968,67.89
"LA","Louisiana",1969,68.32
"LA","Louisiana",1970,68.73
"LA","Louisiana",1971,69.35
"LA","Louisiana",1972,69.22
"LA","Louisiana",1973,69.28
"LA","Louisiana",1974,70.19
"LA","Louisiana",1975,70.47
"LA","Louisiana",1976,70.54
"LA","Louisiana",1977,70.8
"LA","Louisiana",1978,71.03
"LA","Louisiana",1979,71.53
"LA","Louisiana",1980,71.64
"LA","Louisiana",1981,71.87
"LA","Louisiana",1982,72.34
"LA","Louisiana",1983,72.45
"LA","Louisiana",1984,72.96
"LA","Louisiana",1985,72.75
"LA","Louisiana",1986,73.09
"LA","Louisiana",1987,73.27
"LA","Louisiana",1988,72.99
"LA","Louisiana",1989,72.88
"LA","Louisiana",1990,73.08
"LA","Louisiana",1991,73.1
"LA","Louisiana",1992,73.52
"LA","Louisiana",1993,73.02
"LA","Louisiana",1994,73.44
"LA","Louisiana",1995,73.49
"LA","Louisiana",1996,73.77
"LA","Louisiana",1997,73.88
"LA","Louisiana",1998,74.04
"LA","Louisiana",1999,74.04
"LA","Louisiana",2000,74.09
"LA","Louisiana",2001,74.04
"LA","Louisiana",2002,74.07
"LA","Louisiana",2003,74.08
"LA","Louisiana",2004,74.16
"LA","Louisiana",2005,73.67
"LA","Louisiana",2006,74.68
"LA","Louisiana",2007,74.88
"LA","Louisiana",2008,74.97
"LA","Louisiana",2009,75.46
"LA","Louisiana",2010,75.72
"LA","Louisiana",2011,75.99
"LA","Louisiana",2012,75.79
"LA","Louisiana",2013,75.63
"LA","Louisiana",2014,75.73
"LA","Louisiana",2015,75.91
"LA","Louisiana",2016,75.91
"LA","Louisiana",2017,75.77
"LA","Louisiana",2018,75.98
"LA","Louisiana",2019,76.14
"ME","Maine",1959,69.93
"ME","Maine",1960,70.15
"ME","Maine",1961,70.35
"ME","Maine",1962,70.27
"ME","Maine",1963,70.36
"ME","Maine",1964,70.55
"ME","Maine",1965,70.79
"ME","Maine",1966,70.67
"ME","Maine",1967,70.45
"ME","Maine",1968,70.59
"ME","Maine",1969,70.87
"ME","Maine",1970,70.67
"ME","Maine",1971,71.56
"ME","Maine",1972,71.47
"ME","Maine",1973,72.02
"ME","Maine",1974,72.27
"ME","Maine",1975,73.24
"ME","Maine",1976,73.51
"ME","Maine",1977,74.31
"ME","Maine",1978,74.29
"ME","Maine",1979,74.59
"ME","Maine",1980,74.42
"ME","Maine",1981,75.06
"ME","Maine",1982,75.4
"ME","Maine",1983,75.12
"ME","Maine",1984,75.55
"ME","Maine",1985,75.09
"ME","Maine",1986,75.62
"ME","Maine",1987,75.69
"ME","Maine",1988,75.59
"ME","Maine",1989,76.21
"ME","Maine",1990,76.57
"ME","Maine",1991,76.59
"ME","Maine",1992,77.01
"ME","Maine",1993,76.68
"ME","Maine",1994,76.81
"ME","Maine",1995,76.92
"ME","Maine",1996,77.42
"ME","Maine",1997,77.4
"ME","Maine",1998,77.38
"ME","Maine",1999,77.56
"ME","Maine",2000,77.59
"ME","Maine",2001,77.77
"ME","Maine",2002,77.67
"ME","Maine",2003,77.95
"ME","Maine",2004,78.12
"ME","Maine",2005,77.88
"ME","Maine",2006,78.45
"ME","Maine",2007,78.61
"ME","Maine",2008,78.9
"ME","Maine",2009,79.08
"ME","Maine",2010,79.1
"ME","Maine",2011,79.09
"ME","Maine",2012,79.24
"ME","Maine",2013,78.98
"ME","Maine",2014,79.19
"ME","Maine",2015,78.56
"ME","Maine",2016,78.7
"ME","Maine",2017,78.48
"ME","Maine",2018,78.85
"ME","Maine",2019,78.63
"MD","Maryland",1959,68.77
"MD","Maryland",1960,68.64
"MD","Maryland",1961,69.22
"MD","Maryland",1962,69.21
"MD","Maryland",1963,68.82
"MD","Maryland",1964,69.48
"MD","Maryland",1965,69.18
"MD","Maryland",1966,69.19
"MD","Maryland",1967,69.76
"MD","Maryland",1968,69.45
"MD","Maryland",1969,70.01
"MD","Maryland",1970,70.19
"MD","Maryland",1971,70.77
"MD","Maryland",1972,70.88
"MD","Maryland",1973,71.46
"MD","Maryland",1974,71.61
"MD","Maryland",1975,72.22
"MD","Maryland",1976,72.34
"MD","Maryland",1977,72.99
"MD","Maryland",1978,72.96
"MD","Maryland",1979,73.33
"MD","Maryland",1980,73.26
"MD","Maryland",1981,73.63
"MD","Maryland",1982,73.95
"MD","Maryland",1983,74.01
"MD","Maryland",1984,74.18
"MD","Maryland",1985,74.02
"MD","Maryland",1986,74.08
"MD","Maryland",1987,74.1
"MD","Maryland",1988,74.2
"MD","Maryland",1989,74.54
"MD","Maryland",1990,74.87
"MD","Maryland",1991,75.14
"MD","Maryland",1992,75.25
"MD","Maryland",1993,75.04
"MD","Maryland",1994,75.14
"MD","Maryland",1995,75.12
"MD","Maryland",1996,75.52
"MD","Maryland",1997,75.93
"MD","Maryland",1998,76.13
"MD","Maryland",1999,76.12
"MD","Maryland",2000,76.23
"MD","Maryland",2001,76.39
"MD","Maryland",2002,76.66
"MD","Maryland",2003,76.68
"MD","Maryland",2004,77.24
"MD","Maryland",2005,77.44
"MD","Maryland",2006,77.62
"MD","Maryland",2007,77.81
"MD","Maryland",2008,78.13
"MD","Maryland",2009,78.44
"MD","Maryland",2010,78.94
"MD","Maryland",2011,79.14
"MD","Maryland",2012,79.29
"MD","Maryland",2013,79.23
"MD","Maryland",2014,79.4
"MD","Maryland",2015,79.23
"MD","Maryland",2016,78.86
"MD","Maryland",2017,78.85
"MD","Maryland",2018,79
"MD","Maryland",2019,79.11
"MA","Massachusetts",1959,70.79
"MA","Massachusetts",1960,70.53
"MA","Massachusetts",1961,70.77
"MA","Massachusetts",1962,70.96
"MA","Massachusetts",1963,71.4
"MA","Massachusetts",1964,72.56
"MA","Massachusetts",1965,70.78
"MA","Massachusetts",1966,71.17
"MA","Massachusetts",1967,71.29
"MA","Massachusetts",1968,71.15
"MA","Massachusetts",1969,71.56
"MA","Massachusetts",1970,71.88
"MA","Massachusetts",1971,72.13
"MA","Massachusetts",1972,72.34
"MA","Massachusetts",1973,72.48
"MA","Massachusetts",1974,72.98
"MA","Massachusetts",1975,73.55
"MA","Massachusetts",1976,74.02
"MA","Massachusetts",1977,74.63
"MA","Massachusetts",1978,74.63
"MA","Massachusetts",1979,75.05
"MA","Massachusetts",1980,74.75
"MA","Massachusetts",1981,75.26
"MA","Massachusetts",1982,75.51
"MA","Massachusetts",1983,75.48
"MA","Massachusetts",1984,75.47
"MA","Massachusetts",1985,75.56
"MA","Massachusetts",1986,75.72
"MA","Massachusetts",1987,75.91
"MA","Massachusetts",1988,75.78
"MA","Massachusetts",1989,76.38
"MA","Massachusetts",1990,76.81
"MA","Massachusetts",1991,77.04
"MA","Massachusetts",1992,76.95
"MA","Massachusetts",1993,76.88
"MA","Massachusetts",1994,77.13
"MA","Massachusetts",1995,77.35
"MA","Massachusetts",1996,77.69
"MA","Massachusetts",1997,78.07
"MA","Massachusetts",1998,78.16
"MA","Massachusetts",1999,78.25
"MA","Massachusetts",2000,78.22
"MA","Massachusetts",2001,78.27
"MA","Massachusetts",2002,78.37
"MA","Massachusetts",2003,78.53
"MA","Massachusetts",2004,79.02
"MA","Massachusetts",2005,79.29
"MA","Massachusetts",2006,79.55
"MA","Massachusetts",2007,79.74
"MA","Massachusetts",2008,79.97
"MA","Massachusetts",2009,80.22
"MA","Massachusetts",2010,80.51
"MA","Massachusetts",2011,80.53
"MA","Massachusetts",2012,80.84
"MA","Massachusetts",2013,80.73
"MA","Massachusetts",2014,80.64
"MA","Massachusetts",2015,80.31
"MA","Massachusetts",2016,80.49
"MA","Massachusetts",2017,80.36
"MA","Massachusetts",2018,80.49
"MA","Massachusetts",2019,80.78
"MI","Michigan",1959,70.13
"MI","Michigan",1960,70.18
"MI","Michigan",1961,70.53
"MI","Michigan",1962,70.42
"MI","Michigan",1963,70.17
"MI","Michigan",1964,70.34
"MI","Michigan",1965,70.24
"MI","Michigan",1966,70.17
"MI","Michigan",1967,70.29
"MI","Michigan",1968,70.12
"MI","Michigan",1969,70.4
"MI","Michigan",1970,70.7
"MI","Michigan",1971,70.83
"MI","Michigan",1972,70.92
"MI","Michigan",1973,71.03
"MI","Michigan",1974,71.66
"MI","Michigan",1975,72.16
"MI","Michigan",1976,72.39
"MI","Michigan",1977,72.89
"MI","Michigan",1978,73.09
"MI","Michigan",1979,73.59
"MI","Michigan",1980,73.65
"MI","Michigan",1981,73.74
"MI","Michigan",1982,74.01
"MI","Michigan",1983,74.09
"MI","Michigan",1984,74.28
"MI","Michigan",1985,74.13
"MI","Michigan",1986,74.17
"MI","Michigan",1987,74.4
"MI","Michigan",1988,74.59
"MI","Michigan",1989,74.84
"MI","Michigan",1990,75.14
"MI","Michigan",1991,75.18
"MI","Michigan",1992,75.59
"MI","Michigan",1993,75.35
"MI","Michigan",1994,75.53
"MI","Michigan",1995,75.71
"MI","Michigan",1996,76.02
"MI","Michigan",1997,76.24
"MI","Michigan",1998,76.24
"MI","Michigan",1999,76.14
"MI","Michigan",2000,76.35
"MI","Michigan",2001,76.63
"MI","Michigan",2002,76.62
"MI","Michigan",2003,76.93
"MI","Michigan",2004,77.33
"MI","Michigan",2005,77.23
"MI","Michigan",2006,77.53
"MI","Michigan",2007,77.62
"MI","Michigan",2008,77.67
"MI","Michigan",2009,77.99
"MI","Michigan",2010,78.02
"MI","Michigan",2011,78.08
"MI","Michigan",2012,78.2
"MI","Michigan",2013,78.1
"MI","Michigan",2014,78.1
"MI","Michigan",2015,78.04
"MI","Michigan",2016,77.94
"MI","Michigan",2017,77.97
"MI","Michigan",2018,77.98
"MI","Michigan",2019,78.23
"MN","Minnesota",1959,71.81
"MN","Minnesota",1960,71.82
"MN","Minnesota",1961,72.24
"MN","Minnesota",1962,72.28
"MN","Minnesota",1963,72.18
"MN","Minnesota",1964,72.21
"MN","Minnesota",1965,72.47
"MN","Minnesota",1966,72.36
"MN","Minnesota",1967,72.61
"MN","Minnesota",1968,72.52
"MN","Minnesota",1969,72.83
"MN","Minnesota",1970,73.03
"MN","Minnesota",1971,73.28
"MN","Minnesota",1972,73.22
"MN","Minnesota",1973,73.79
"MN","Minnesota",1974,74.28
"MN","Minnesota",1975,74.73
"MN","Minnesota",1976,75.03
"MN","Minnesota",1977,75.52
"MN","Minnesota",1978,75.4
"MN","Minnesota",1979,76.13
"MN","Minnesota",1980,76.08
"MN","Minnesota",1981,76.48
"MN","Minnesota",1982,76.83
"MN","Minnesota",1983,76.78
"MN","Minnesota",1984,76.94
"MN","Minnesota",1985,76.89
"MN","Minnesota",1986,76.89
"MN","Minnesota",1987,77.33
"MN","Minnesota",1988,77.27
"MN","Minnesota",1989,77.84
"MN","Minnesota",1990,77.84
"MN","Minnesota",1991,77.87
"MN","Minnesota",1992,78.15
"MN","Minnesota",1993,78
"MN","Minnesota",1994,78.09
"MN","Minnesota",1995,78
"MN","Minnesota",1996,78.38
"MN","Minnesota",1997,78.76
"MN","Minnesota",1998,78.86
"MN","Minnesota",1999,78.69
"MN","Minnesota",2000,79.02
"MN","Minnesota",2001,79.23
"MN","Minnesota",2002,79.2
"MN","Minnesota",2003,79.66
"MN","Minnesota",2004,80.01
"MN","Minnesota",2005,80.1
"MN","Minnesota",2006,80.32
"MN","Minnesota",2007,80.59
"MN","Minnesota",2008,80.41
"MN","Minnesota",2009,80.83
"MN","Minnesota",2010,80.82
"MN","Minnesota",2011,80.84
"MN","Minnesota",2012,80.98
"MN","Minnesota",2013,80.9
"MN","Minnesota",2014,81.01
"MN","Minnesota",2015,80.85
"MN","Minnesota",2016,80.89
"MN","Minnesota",2017,80.78
"MN","Minnesota",2018,80.87
"MN","Minnesota",2019,80.81
"MS","Mississippi",1959,67.83
"MS","Mississippi",1960,67.63
"MS","Mississippi",1961,68.29
"MS","Mississippi",1962,67.54
"MS","Mississippi",1963,67.22
"MS","Mississippi",1964,67.76
"MS","Mississippi",1965,67.88
"MS","Mississippi",1966,67.55
"MS","Mississippi",1967,68.04
"MS","Mississippi",1968,67.66
"MS","Mississippi",1969,67.65
"MS","Mississippi",1970,68.36
"MS","Mississippi",1971,68.64
"MS","Mississippi",1972,68.92
"MS","Mississippi",1973,69.07
"MS","Mississippi",1974,70.09
"MS","Mississippi",1975,70.59
"MS","Mississippi",1976,70.81
"MS","Mississippi",1977,71.23
"MS","Mississippi",1978,71.37
"MS","Mississippi",1979,71.86
"MS","Mississippi",1980,71.8
"MS","Mississippi",1981,72.28
"MS","Mississippi",1982,72.63
"MS","Mississippi",1983,72.65
"MS","Mississippi",1984,72.81
"MS","Mississippi",1985,72.67
"MS","Mississippi",1986,72.91
"MS","Mississippi",1987,72.87
"MS","Mississippi",1988,73.14
"MS","Mississippi",1989,72.85
"MS","Mississippi",1990,73.07
"MS","Mississippi",1991,73.07
"MS","Mississippi",1992,73.22
"MS","Mississippi",1993,72.95
"MS","Mississippi",1994,72.95
"MS","Mississippi",1995,73.07
"MS","Mississippi",1996,73.43
"MS","Mississippi",1997,73.38
"MS","Mississippi",1998,73.43
"MS","Mississippi",1999,73.44
"MS","Mississippi",2000,73.39
"MS","Mississippi",2001,73.7
"MS","Mississippi",2002,73.59
"MS","Mississippi",2003,73.79
"MS","Mississippi",2004,74.13
"MS","Mississippi",2005,73.71
"MS","Mississippi",2006,73.96
"MS","Mississippi",2007,74.37
"MS","Mississippi",2008,74.39
"MS","Mississippi",2009,74.84
"MS","Mississippi",2010,74.81
"MS","Mississippi",2011,74.8
"MS","Mississippi",2012,75.05
"MS","Mississippi",2013,74.7
"MS","Mississippi",2014,74.9
"MS","Mississippi",2015,74.63
"MS","Mississippi",2016,74.73
"MS","Mississippi",2017,74.73
"MS","Mississippi",2018,74.89
"MS","Mississippi",2019,74.69
"MO","Missouri",1959,70.46
"MO","Missouri",1960,70.24
"MO","Missouri",1961,70.73
"MO","Missouri",1962,70.48
"MO","Missouri",1963,70.21
"MO","Missouri",1964,70.45
"MO","Missouri",1965,70.37
"MO","Missouri",1966,70.23
"MO","Missouri",1967,70.56
"MO","Missouri",1968,70.28
"MO","Missouri",1969,70.2
"MO","Missouri",1970,70.63
"MO","Missouri",1971,71.14
"MO","Missouri",1972,71.19
"MO","Missouri",1973,71.3
"MO","Missouri",1974,71.91
"MO","Missouri",1975,72.43
"MO","Missouri",1976,72.68
"MO","Missouri",1977,73
"MO","Missouri",1978,73.05
"MO","Missouri",1979,73.72
"MO","Missouri",1980,73.62
"MO","Missouri",1981,74.06
"MO","Missouri",1982,74.46
"MO","Missouri",1983,74.49
"MO","Missouri",1984,74.73
"MO","Missouri",1985,74.69
"MO","Missouri",1986,74.76
"MO","Missouri",1987,74.84
"MO","Missouri",1988,74.98
"MO","Missouri",1989,75.17
"MO","Missouri",1990,75.29
"MO","Missouri",1991,75.25
"MO","Missouri",1992,75.51
"MO","Missouri",1993,75.18
"MO","Missouri",1994,75.23
"MO","Missouri",1995,75.33
"MO","Missouri",1996,75.67
"MO","Missouri",1997,75.77
"MO","Missouri",1998,75.82
"MO","Missouri",1999,75.77
"MO","Missouri",2000,76.08
"MO","Missouri",2001,76.18
"MO","Missouri",2002,76.03
"MO","Missouri",2003,76.25
"MO","Missouri",2004,76.65
"MO","Missouri",2005,76.63
"MO","Missouri",2006,76.73
"MO","Missouri",2007,77.12
"MO","Missouri",2008,76.85
"MO","Missouri",2009,77.31
"MO","Missouri",2010,77.41
"MO","Missouri",2011,77.46
"MO","Missouri",2012,77.6
"MO","Missouri",2013,77.56
"MO","Missouri",2014,77.55
"MO","Missouri",2015,77.32
"MO","Missouri",2016,77.34
"MO","Missouri",2017,77.16
"MO","Missouri",2018,76.97
"MO","Missouri",2019,77.35
"MT","Montana",1959,69.25
"MT","Montana",1960,69.56
"MT","Montana",1961,69.95
"MT","Montana",1962,70.31
"MT","Montana",1963,70.19
"MT","Montana",1964,69.57
"MT","Montana",1965,70.16
"MT","Montana",1966,69.99
"MT","Montana",1967,70.37
"MT","Montana",1968,70.89
"MT","Montana",1969,70.48
"MT","Montana",1970,70.79
"MT","Montana",1971,70.65
"MT","Montana",1972,70.79
"MT","Montana",1973,71.15
"MT","Montana",1974,72.26
"MT","Montana",1975,72.61
"MT","Montana",1976,72.4
"MT","Montana",1977,73.46
"MT","Montana",1978,73.97
"MT","Montana",1979,74.15
"MT","Montana",1980,73.81
"MT","Montana",1981,74.07
"MT","Montana",1982,74.65
"MT","Montana",1983,74.98
"MT","Montana",1984,75.28
"MT","Montana",1985,75.56
"MT","Montana",1986,75.58
"MT","Montana",1987,76
"MT","Montana",1988,76.28
"MT","Montana",1989,76.23
"MT","Montana",1990,76.36
"MT","Montana",1991,76.47
"MT","Montana",1992,76.63
"MT","Montana",1993,76.41
"MT","Montana",1994,76.89
"MT","Montana",1995,76.66
"MT","Montana",1996,76.9
"MT","Montana",1997,77.08
"MT","Montana",1998,77.23
"MT","Montana",1999,77.16
"MT","Montana",2000,77.29
"MT","Montana",2001,77.48
"MT","Montana",2002,77.12
"MT","Montana",2003,77.24
"MT","Montana",2004,78.13
"MT","Montana",2005,77.68
"MT","Montana",2006,78.05
"MT","Montana",2007,78.19
"MT","Montana",2008,77.98
"MT","Montana",2009,78.29
"MT","Montana",2010,78.57
"MT","Montana",2011,78.42
"MT","Montana",2012,78.88
"MT","Montana",2013,78.4
"MT","Montana",2014,78.91
"MT","Montana",2015,78.14
"MT","Montana",2016,78.51
"MT","Montana",2017,78.63
"MT","Montana",2018,79.05
"MT","Montana",2019,78.79
"NE","Nebraska",1959,71.9
"NE","Nebraska",1960,71.97
"NE","Nebraska",1961,72.19
"NE","Nebraska",1962,72.21
"NE","Nebraska",1963,72.09
"NE","Nebraska",1964,71.91
"NE","Nebraska",1965,71.98
"NE","Nebraska",1966,72.21
"NE","Nebraska",1967,72.58
"NE","Nebraska",1968,72.34
"NE","Nebraska",1969,72.61
"NE","Nebraska",1970,72.51
"NE","Nebraska",1971,72.74
"NE","Nebraska",1972,72.92
"NE","Nebraska",1973,73.39
"NE","Nebraska",1974,73.59
"NE","Nebraska",1975,74.08
"NE","Nebraska",1976,74.39
"NE","Nebraska",1977,74.83
"NE","Nebraska",1978,75.03
"NE","Nebraska",1979,75.53
"NE","Nebraska",1980,75.37
"NE","Nebraska",1981,75.65
"NE","Nebraska",1982,75.98
"NE","Nebraska",1983,76.16
"NE","Nebraska",1984,76.33
"NE","Nebraska",1985,76.38
"NE","Nebraska",1986,76.38
"NE","Nebraska",1987,76.5
"NE","Nebraska",1988,76.57
"NE","Nebraska",1989,76.83
"NE","Nebraska",1990,76.91
"NE","Nebraska",1991,77.17
"NE","Nebraska",1992,77.48
"NE","Nebraska",1993,77.14
"NE","Nebraska",1994,77.33
"NE","Nebraska",1995,77.55
"NE","Nebraska",1996,77.4
"NE","Nebraska",1997,77.7
"NE","Nebraska",1998,77.89
"NE","Nebraska",1999,77.72
"NE","Nebraska",2000,78.28
"NE","Nebraska",2001,78.3
"NE","Nebraska",2002,77.91
"NE","Nebraska",2003,78.44
"NE","Nebraska",2004,78.99
"NE","Nebraska",2005,78.94
"NE","Nebraska",2006,79.13
"NE","Nebraska",2007,79
"NE","Nebraska",2008,79.07
"NE","Nebraska",2009,79.61
"NE","Nebraska",2010,79.63
"NE","Nebraska",2011,79.56
"NE","Nebraska",2012,79.59
"NE","Nebraska",2013,79.72
"NE","Nebraska",2014,79.51
"NE","Nebraska",2015,79.24
"NE","Nebraska",2016,79.65
"NE","Nebraska",2017,79.39
"NE","Nebraska",2018,79.42
"NE","Nebraska",2019,79.55
"NV","Nevada",1959,67.88
"NV","Nevada",1960,67.61
"NV","Nevada",1961,68.05
"NV","Nevada",1962,68.25
"NV","Nevada",1963,67.74
"NV","Nevada",1964,67.69
"NV","Nevada",1965,68.19
"NV","Nevada",1966,68.7
"NV","Nevada",1967,69.42
"NV","Nevada",1968,68.87
"NV","Nevada",1969,69.28
"NV","Nevada",1970,69.31
"NV","Nevada",1971,69.76
"NV","Nevada",1972,70.47
"NV","Nevada",1973,70.72
"NV","Nevada",1974,71.06
"NV","Nevada",1975,71.7
"NV","Nevada",1976,72.36
"NV","Nevada",1977,72.38
"NV","Nevada",1978,72.82
"NV","Nevada",1979,72.9
"NV","Nevada",1980,72.6
"NV","Nevada",1981,73.47
"NV","Nevada",1982,73.32
"NV","Nevada",1983,74.1
"NV","Nevada",1984,74.05
"NV","Nevada",1985,74
"NV","Nevada",1986,74.24
"NV","Nevada",1987,74.27
"NV","Nevada",1988,74.12
"NV","Nevada",1989,74.62
"NV","Nevada",1990,74.52
"NV","Nevada",1991,74.53
"NV","Nevada",1992,75.13
"NV","Nevada",1993,74.9
"NV","Nevada",1994,74.83
"NV","Nevada",1995,75.11
"NV","Nevada",1996,75.19
"NV","Nevada",1997,75.76
"NV","Nevada",1998,75.54
"NV","Nevada",1999,75.65
"NV","Nevada",2000,75.94
"NV","Nevada",2001,75.96
"NV","Nevada",2002,76.09
"NV","Nevada",2003,75.95
"NV","Nevada",2004,76.39
"NV","Nevada",2005,76.08
"NV","Nevada",2006,76.58
"NV","Nevada",2007,77.04
"NV","Nevada",2008,77.26
"NV","Nevada",2009,77.66
"NV","Nevada",2010,77.8
"NV","Nevada",2011,77.74
"NV","Nevada",2012,78.09
"NV","Nevada",2013,78.03
"NV","Nevada",2014,78.21
"NV","Nevada",2015,78.08
"NV","Nevada",2016,77.95
"NV","Nevada",2017,78.04
"NV","Nevada",2018,78.41
"NV","Nevada",2019,78.58
"NH","New Hampshire",1959,70.46
"NH","New Hampshire",1960,70.72
"NH","New Hampshire",1961,70.81
"NH","New Hampshire",1962,71.03
"NH","New Hampshire",1963,70.45
"NH","New Hampshire",1964,70.65
"NH","New Hampshire",1965,70.72
"NH","New Hampshire",1966,70.97
"NH","New Hampshire",1967,71.06
"NH","New Hampshire",1968,70.97
"NH","New Hampshire",1969,70.97
"NH","New Hampshire",1970,71.55
"NH","New Hampshire",1971,71.66
"NH","New Hampshire",1972,72.15
"NH","New Hampshire",1973,72.33
"NH","New Hampshire",1974,72.55
"NH","New Hampshire",1975,73.79
"NH","New Hampshire",1976,73.85
"NH","New Hampshire",1977,74.58
"NH","New Hampshire",1978,74.67
"NH","New Hampshire",1979,74.87
"NH","New Hampshire",1980,75.09
"NH","New Hampshire",1981,75.23
"NH","New Hampshire",1982,75.58
"NH","New Hampshire",1983,75.62
"NH","New Hampshire",1984,75.72
"NH","New Hampshire",1985,75.43
"NH","New Hampshire",1986,75.76
"NH","New Hampshire",1987,76.19
"NH","New Hampshire",1988,76.06
"NH","New Hampshire",1989,76.52
"NH","New Hampshire",1990,76.95
"NH","New Hampshire",1991,77.24
"NH","New Hampshire",1992,77.59
"NH","New Hampshire",1993,77.53
"NH","New Hampshire",1994,77.65
"NH","New Hampshire",1995,77.57
"NH","New Hampshire",1996,77.78
"NH","New Hampshire",1997,78
"NH","New Hampshire",1998,78.1
"NH","New Hampshire",1999,78.31
"NH","New Hampshire",2000,78.51
"NH","New Hampshire",2001,78.56
"NH","New Hampshire",2002,78.74
"NH","New Hampshire",2003,79.21
"NH","New Hampshire",2004,79.04
"NH","New Hampshire",2005,79.13
"NH","New Hampshire",2006,79.52
"NH","New Hampshire",2007,79.52
"NH","New Hampshire",2008,79.92
"NH","New Hampshire",2009,80.21
"NH","New Hampshire",2010,80.29
"NH","New Hampshire",2011,80.06
"NH","New Hampshire",2012,80.37
"NH","New Hampshire",2013,80.36
"NH","New Hampshire",2014,79.94
"NH","New Hampshire",2015,79.59
"NH","New Hampshire",2016,79.37
"NH","New Hampshire",2017,79.5
"NH","New Hampshire",2018,79.49
"NH","New Hampshire",2019,79.78
"NJ","New Jersey",1959,69.94
"NJ","New Jersey",1960,69.94
"NJ","New Jersey",1961,70.01
"NJ","New Jersey",1962,70.09
"NJ","New Jersey",1963,69.93
"NJ","New Jersey",1964,70.09
"NJ","New Jersey",1965,70.25
"NJ","New Jersey",1966,70.28
"NJ","New Jersey",1967,70.61
"NJ","New Jersey",1968,70.3
"NJ","New Jersey",1969,70.7
"NJ","New Jersey",1970,70.96
"NJ","New Jersey",1971,71.2
"NJ","New Jersey",1972,71.47
"NJ","New Jersey",1973,71.78
"NJ","New Jersey",1974,72.29
"NJ","New Jersey",1975,72.88
"NJ","New Jersey",1976,73.21
"NJ","New Jersey",1977,73.37
"NJ","New Jersey",1978,73.71
"NJ","New Jersey",1979,73.94
"NJ","New Jersey",1980,73.75
"NJ","New Jersey",1981,74.29
"NJ","New Jersey",1982,74.42
"NJ","New Jersey",1983,74.49
"NJ","New Jersey",1984,74.67
"NJ","New Jersey",1985,74.53
"NJ","New Jersey",1986,74.66
"NJ","New Jersey",1987,74.65
"NJ","New Jersey",1988,74.56
"NJ","New Jersey",1989,75.02
"NJ","New Jersey",1990,75.43
"NJ","New Jersey",1991,75.64
"NJ","New Jersey",1992,75.79
"NJ","New Jersey",1993,75.71
"NJ","New Jersey",1994,75.94
"NJ","New Jersey",1995,75.99
"NJ","New Jersey",1996,76.46
"NJ","New Jersey",1997,76.97
"NJ","New Jersey",1998,77.38
"NJ","New Jersey",1999,77.24
"NJ","New Jersey",2000,77.32
"NJ","New Jersey",2001,77.37
"NJ","New Jersey",2002,77.79
"NJ","New Jersey",2003,78.01
"NJ","New Jersey",2004,78.47
"NJ","New Jersey",2005,78.59
"NJ","New Jersey",2006,78.8
"NJ","New Jersey",2007,79.26
"NJ","New Jersey",2008,79.42
"NJ","New Jersey",2009,79.87
"NJ","New Jersey",2010,79.95
"NJ","New Jersey",2011,79.89
"NJ","New Jersey",2012,80.19
"NJ","New Jersey",2013,80.23
"NJ","New Jersey",2014,80.38
"NJ","New Jersey",2015,80.4
"NJ","New Jersey",2016,80.26
"NJ","New Jersey",2017,80.16
"NJ","New Jersey",2018,80.21
"NJ","New Jersey",2019,80.51
"NM","New Mexico",1959,69.61
"NM","New Mexico",1960,69.29
"NM","New Mexico",1961,70.11
"NM","New Mexico",1962,70.17
"NM","New Mexico",1963,69.79
"NM","New Mexico",1964,69.91
"NM","New Mexico",1965,70.27
"NM","New Mexico",1966,70.21
"NM","New Mexico",1967,70.48
"NM","New Mexico",1968,70.32
"NM","New Mexico",1969,70.45
"NM","New Mexico",1970,70.51
"NM","New Mexico",1971,70.75
"NM","New Mexico",1972,70.86
"NM","New Mexico",1973,70.82
"NM","New Mexico",1974,71.63
"NM","New Mexico",1975,72.43
"NM","New Mexico",1976,72.67
"NM","New Mexico",1977,73.51
"NM","New Mexico",1978,73.45
"NM","New Mexico",1979,73.63
"NM","New Mexico",1980,73.81
"NM","New Mexico",1981,74.99
"NM","New Mexico",1982,74.68
"NM","New Mexico",1983,75.27
"NM","New Mexico",1984,75.26
"NM","New Mexico",1985,75.23
"NM","New Mexico",1986,75.2
"NM","New Mexico",1987,75.34
"NM","New Mexico",1988,75.5
"NM","New Mexico",1989,75.77
"NM","New Mexico",1990,76.02
"NM","New Mexico",1991,75.83
"NM","New Mexico",1992,76.38
"NM","New Mexico",1993,76.14
"NM","New Mexico",1994,76.27
"NM","New Mexico",1995,76.28
"NM","New Mexico",1996,76.68
"NM","New Mexico",1997,76.92
"NM","New Mexico",1998,77.07
"NM","New Mexico",1999,76.71
"NM","New Mexico",2000,77.13
"NM","New Mexico",2001,76.94
"NM","New Mexico",2002,76.93
"NM","New Mexico",2003,76.82
"NM","New Mexico",2004,77.46
"NM","New Mexico",2005,77.29
"NM","New Mexico",2006,77.36
"NM","New Mexico",2007,77.44
"NM","New Mexico",2008,77.33
"NM","New Mexico",2009,77.9
"NM","New Mexico",2010,78.11
"NM","New Mexico",2011,77.96
"NM","New Mexico",2012,77.93
"NM","New Mexico",2013,78.27
"NM","New Mexico",2014,77.77
"NM","New Mexico",2015,77.85
"NM","New Mexico",2016,77.56
"NM","New Mexico",2017,77.7
"NM","New Mexico",2018,77.7
"NM","New Mexico",2019,77.42
"NY","New York",1959,69.55
"NY","New York",1960,69.67
"NY","New York",1961,69.84
"NY","New York",1962,69.8
"NY","New York",1963,69.76
"NY","New York",1964,69.9
"NY","New York",1965,70.14
"NY","New York",1966,70.02
"NY","New York",1967,70.2
"NY","New York",1968,69.94
"NY","New York",1969,70.26
"NY","New York",1970,70.47
"NY","New York",1971,70.83
"NY","New York",1972,71.09
"NY","New York",1973,71.47
"NY","New York",1974,71.95
"NY","New York",1975,72.59
"NY","New York",1976,72.64
"NY","New York",1977,73.05
"NY","New York",1978,73.36
"NY","New York",1979,73.73
"NY","New York",1980,73.4
"NY","New York",1981,73.81
"NY","New York",1982,74.04
"NY","New York",1983,74.07
"NY","New York",1984,74.13
"NY","New York",1985,74.08
"NY","New York",1986,73.97
"NY","New York",1987,73.99
"NY","New York",1988,73.88
"NY","New York",1989,74.22
"NY","New York",1990,74.59
"NY","New York",1991,74.82
"NY","New York",1992,75.1
"NY","New York",1993,74.97
"NY","New York",1994,75.27
"NY","New York",1995,75.52
"NY","New York",1996,76.19
"NY","New York",1997,76.95
"NY","New York",1998,77.4
"NY","New York",1999,77.34
"NY","New York",2000,77.64
"NY","New York",2001,77.63
"NY","New York",2002,78.02
"NY","New York",2003,78.31
"NY","New York",2004,78.67
"NY","New York",2005,78.85
"NY","New York",2006,79.22
"NY","New York",2007,79.47
"NY","New York",2008,79.61
"NY","New York",2009,79.92
"NY","New York",2010,80.19
"NY","New York",2011,80.24
"NY","New York",2012,80.48
"NY","New York",2013,80.55
"NY","New York",2014,80.82
"NY","New York",2015,80.78
"NY","New York",2016,80.75
"NY","New York",2017,80.94
"NY","New York",2018,81.05
"NY","New York",2019,81.23
"NC","North Carolina",1959,68.61
"NC","North Carolina",1960,68.17
"NC","North Carolina",1961,68.8
"NC","North Carolina",1962,68.63
"NC","North Carolina",1963,68.41
"NC","North Carolina",1964,68.72
"NC","North Carolina",1965,68.61
"NC","North Carolina",1966,68.63
"NC","North Carolina",1967,68.98
"NC","North Carolina",1968,68.68
"NC","North Carolina",1969,68.78
"NC","North Carolina",1970,69.26
"NC","North Carolina",1971,69.75
"NC","North Carolina",1972,69.37
"NC","North Carolina",1973,69.73
"NC","North Carolina",1974,70.7
"NC","North Carolina",1975,71.26
"NC","North Carolina",1976,71.72
"NC","North Carolina",1977,72
"NC","North Carolina",1978,72.27
"NC","North Carolina",1979,72.92
"NC","North Carolina",1980,72.95
"NC","North Carolina",1981,73.22
"NC","North Carolina",1982,73.79
"NC","North Carolina",1983,73.94
"NC","North Carolina",1984,74.06
"NC","North Carolina",1985,74.01
"NC","North Carolina",1986,73.93
"NC","North Carolina",1987,74.11
"NC","North Carolina",1988,73.93
"NC","North Carolina",1989,74.26
"NC","North Carolina",1990,74.7
"NC","North Carolina",1991,74.76
"NC","North Carolina",1992,75
"NC","North Carolina",1993,74.79
"NC","North Carolina",1994,74.96
"NC","North Carolina",1995,75.1
"NC","North Carolina",1996,75.22
"NC","North Carolina",1997,75.66
"NC","North Carolina",1998,75.66
"NC","North Carolina",1999,75.7
"NC","North Carolina",2000,75.6
"NC","North Carolina",2001,76.02
"NC","North Carolina",2002,76.2
"NC","North Carolina",2003,76.22
"NC","North Carolina",2004,76.56
"NC","North Carolina",2005,76.62
"NC","North Carolina",2006,76.88
"NC","North Carolina",2007,77.04
"NC","North Carolina",2008,77.29
"NC","North Carolina",2009,77.61
"NC","North Carolina",2010,77.81
"NC","North Carolina",2011,77.93
"NC","North Carolina",2012,77.99
"NC","North Carolina",2013,78.1
"NC","North Carolina",2014,78.08
"NC","North Carolina",2015,77.88
"NC","North Carolina",2016,77.85
"NC","North Carolina",2017,77.77
"NC","North Carolina",2018,78.05
"NC","North Carolina",2019,78.09
"ND","North Dakota",1959,71.65
"ND","North Dakota",1960,71.51
"ND","North Dakota",1961,72.27
"ND","North Dakota",1962,71.98
"ND","North Dakota",1963,71.91
"ND","North Dakota",1964,72.03
"ND","North Dakota",1965,72.16
"ND","North Dakota",1966,71.88
"ND","North Dakota",1967,72.84
"ND","North Dakota",1968,72.75
"ND","North Dakota",1969,72.58
"ND","North Dakota",1970,72.99
"ND","North Dakota",1971,73.07
"ND","North Dakota",1972,73.49
"ND","North Dakota",1973,73.23
"ND","North Dakota",1974,73.35
"ND","North Dakota",1975,74.22
"ND","North Dakota",1976,74.64
"ND","North Dakota",1977,75.46
"ND","North Dakota",1978,74.77
"ND","North Dakota",1979,75.79
"ND","North Dakota",1980,75.61
"ND","North Dakota",1981,76
"ND","North Dakota",1982,76.65
"ND","North Dakota",1983,76.8
"ND","North Dakota",1984,76.79
"ND","North Dakota",1985,77.06
"ND","North Dakota",1986,77.9
"ND","North Dakota",1987,77.41
"ND","North Dakota",1988,77.19
"ND","North Dakota",1989,77.75
"ND","North Dakota",1990,77.49
"ND","North Dakota",1991,77.83
"ND","North Dakota",1992,77.95
"ND","North Dakota",1993,77.95
"ND","North Dakota",1994,77.88
"ND","North Dakota",1995,77.86
"ND","North Dakota",1996,78.13
"ND","North Dakota",1997,78.44
"ND","North Dakota",1998,78.22
"ND","North Dakota",1999,78.21
"ND","North Dakota",2000,78.77
"ND","North Dakota",2001,78.42
"ND","North Dakota",2002,78.9
"ND","North Dakota",2003,78.44
"ND","North Dakota",2004,79.7
"ND","North Dakota",2005,79.45
"ND","North Dakota",2006,79.29
"ND","North Dakota",2007,79.82
"ND","North Dakota",2008,79.53
"ND","North Dakota",2009,79.38
"ND","North Dakota",2010,79.64
"ND","North Dakota",2011,79.68
"ND","North Dakota",2012,79.61
"ND","North Dakota",2013,79.4
"ND","North Dakota",2014,79.84
"ND","North Dakota",2015,79.51
"ND","North Dakota",2016,79.72
"ND","North Dakota",2017,79.78
"ND","North Dakota",2018,79.77
"ND","North Dakota",2019,79.29
"OH","Ohio",1959,70.14
"OH","Ohio",1960,70.17
"OH","Ohio",1961,70.56
"OH","Ohio",1962,70.44
"OH","Ohio",1963,70.24
"OH","Ohio",1964,70.45
"OH","Ohio",1965,70.37
"OH","Ohio",1966,70.38
"OH","Ohio",1967,70.59
"OH","Ohio",1968,70.18
"OH","Ohio",1969,70.51
"OH","Ohio",1970,70.78
"OH","Ohio",1971,71.15
"OH","Ohio",1972,71.04
"OH","Ohio",1973,71.29
"OH","Ohio",1974,71.79
"OH","Ohio",1975,72.29
"OH","Ohio",1976,72.61
"OH","Ohio",1977,72.75
"OH","Ohio",1978,73.07
"OH","Ohio",1979,73.4
"OH","Ohio",1980,73.27
"OH","Ohio",1981,73.76
"OH","Ohio",1982,74.3
"OH","Ohio",1983,74.22
"OH","Ohio",1984,74.48
"OH","Ohio",1985,74.53
"OH","Ohio",1986,74.54
"OH","Ohio",1987,74.79
"OH","Ohio",1988,74.83
"OH","Ohio",1989,75.23
"OH","Ohio",1990,75.32
"OH","Ohio",1991,75.39
"OH","Ohio",1992,75.73
"OH","Ohio",1993,75.62
"OH","Ohio",1994,75.74
"OH","Ohio",1995,75.6
"OH","Ohio",1996,75.97
"OH","Ohio",1997,76.18
"OH","Ohio",1998,76.29
"OH","Ohio",1999,76.15
"OH","Ohio",2000,76.33
"OH","Ohio",2001,76.47
"OH","Ohio",2002,76.4
"OH","Ohio",2003,76.58
"OH","Ohio",2004,76.92
"OH","Ohio",2005,76.77
"OH","Ohio",2006,77.14
"OH","Ohio",2007,77.3
"OH","Ohio",2008,77.21
"OH","Ohio",2009,77.53
"OH","Ohio",2010,77.64
"OH","Ohio",2011,77.51
"OH","Ohio",2012,77.58
"OH","Ohio",2013,77.62
"OH","Ohio",2014,77.62
"OH","Ohio",2015,77.27
"OH","Ohio",2016,77
"OH","Ohio",2017,76.63
"OH","Ohio",2018,77.01
"OH","Ohio",2019,77.16
"OR","Oregon",1959,70.67
"OR","Oregon",1960,71.02
"OR","Oregon",1961,71.42
"OR","Oregon",1962,71.58
"OR","Oregon",1963,71.31
"OR","Oregon",1964,71.45
"OR","Oregon",1965,71.58
"OR","Oregon",1966,71.29
"OR","Oregon",1967,71.64
"OR","Oregon",1968,71.87
"OR","Oregon",1969,71.96
"OR","Oregon",1970,72.41
"OR","Oregon",1971,72.33
"OR","Oregon",1972,72.59
"OR","Oregon",1973,72.67
"OR","Oregon",1974,73.17
"OR","Oregon",1975,73.73
"OR","Oregon",1976,73.97
"OR","Oregon",1977,74.29
"OR","Oregon",1978,74.54
"OR","Oregon",1979,74.99
"OR","Oregon",1980,74.9
"OR","Oregon",1981,75.31
"OR","Oregon",1982,75.83
"OR","Oregon",1983,75.66
"OR","Oregon",1984,75.53
"OR","Oregon",1985,75.58
"OR","Oregon",1986,75.94
"OR","Oregon",1987,75.78
"OR","Oregon",1988,75.88
"OR","Oregon",1989,76.15
"OR","Oregon",1990,76.47
"OR","Oregon",1991,76.91
"OR","Oregon",1992,76.99
"OR","Oregon",1993,76.53
"OR","Oregon",1994,76.78
"OR","Oregon",1995,76.81
"OR","Oregon",1996,76.92
"OR","Oregon",1997,77.33
"OR","Oregon",1998,77.32
"OR","Oregon",1999,77.64
"OR","Oregon",2000,77.83
"OR","Oregon",2001,77.85
"OR","Oregon",2002,77.69
"OR","Oregon",2003,77.91
"OR","Oregon",2004,78.39
"OR","Oregon",2005,78.4
"OR","Oregon",2006,78.54
"OR","Oregon",2007,78.78
"OR","Oregon",2008,78.93
"OR","Oregon",2009,79.27
"OR","Oregon",2010,79.5
"OR","Oregon",2011,79.4
"OR","Oregon",2012,79.63
"OR","Oregon",2013,79.52
"OR","Oregon",2014,79.59
"OR","Oregon",2015,79.44
"OR","Oregon",2016,79.62
"OR","Oregon",2017,79.54
"OR","Oregon",2018,79.98
"OR","Oregon",2019,79.85
"PA","Pennsylvania",1959,69.39
"PA","Pennsylvania",1960,69.47
"PA","Pennsylvania",1961,69.77
"PA","Pennsylvania",1962,69.74
"PA","Pennsylvania",1963,69.57
"PA","Pennsylvania",1964,69.95
"PA","Pennsylvania",1965,69.84
"PA","Pennsylvania",1966,69.87
"PA","Pennsylvania",1967,70.07
"PA","Pennsylvania",1968,69.69
"PA","Pennsylvania",1969,70.22
"PA","Pennsylvania",1970,70.36
"PA","Pennsylvania",1971,70.73
"PA","Pennsylvania",1972,70.94
"PA","Pennsylvania",1973,71.13
"PA","Pennsylvania",1974,71.66
"PA","Pennsylvania",1975,72.12
"PA","Pennsylvania",1976,72.44
"PA","Pennsylvania",1977,72.83
"PA","Pennsylvania",1978,73.05
"PA","Pennsylvania",1979,73.57
"PA","Pennsylvania",1980,73.27
"PA","Pennsylvania",1981,73.84
"PA","Pennsylvania",1982,74.28
"PA","Pennsylvania",1983,74.34
"PA","Pennsylvania",1984,74.49
"PA","Pennsylvania",1985,74.43
"PA","Pennsylvania",1986,74.59
"PA","Pennsylvania",1987,74.59
"PA","Pennsylvania",1988,74.74
"PA","Pennsylvania",1989,75.08
"PA","Pennsylvania",1990,75.42
"PA","Pennsylvania",1991,75.61
"PA","Pennsylvania",1992,75.73
"PA","Pennsylvania",1993,75.64
"PA","Pennsylvania",1994,75.72
"PA","Pennsylvania",1995,75.93
"PA","Pennsylvania",1996,76.02
"PA","Pennsylvania",1997,76.27
"PA","Pennsylvania",1998,76.73
"PA","Pennsylvania",1999,76.53
"PA","Pennsylvania",2000,76.65
"PA","Pennsylvania",2001,76.81
"PA","Pennsylvania",2002,76.85
"PA","Pennsylvania",2003,77.02
"PA","Pennsylvania",2004,77.31
"PA","Pennsylvania",2005,77.25
"PA","Pennsylvania",2006,77.59
"PA","Pennsylvania",2007,77.9
"PA","Pennsylvania",2008,77.92
"PA","Pennsylvania",2009,78.25
"PA","Pennsylvania",2010,78.44
"PA","Pennsylvania",2011,78.32
"PA","Pennsylvania",2012,78.53
"PA","Pennsylvania",2013,78.57
"PA","Pennsylvania",2014,78.74
"PA","Pennsylvania",2015,78.41
"PA","Pennsylvania",2016,78.19
"PA","Pennsylvania",2017,78.05
"PA","Pennsylvania",2018,78.42
"PA","Pennsylvania",2019,78.64
"RI","Rhode Island",1959,70.48
"RI","Rhode Island",1960,70.58
"RI","Rhode Island",1961,71.1
"RI","Rhode Island",1962,70.88
"RI","Rhode Island",1963,70.53
"RI","Rhode Island",1964,70.88
"RI","Rhode Island",1965,70.84
"RI","Rhode Island",1966,71.18
"RI","Rhode Island",1967,71.53
"RI","Rhode Island",1968,71.07
"RI","Rhode Island",1969,71.74
"RI","Rhode Island",1970,71.73
"RI","Rhode Island",1971,72.31
"RI","Rhode Island",1972,72.16
"RI","Rhode Island",1973,72.43
"RI","Rhode Island",1974,73.2
"RI","Rhode Island",1975,73.89
"RI","Rhode Island",1976,73.72
"RI","Rhode Island",1977,73.96
"RI","Rhode Island",1978,74.76
"RI","Rhode Island",1979,74.6
"RI","Rhode Island",1980,74.63
"RI","Rhode Island",1981,75.05
"RI","Rhode Island",1982,75.61
"RI","Rhode Island",1983,75.5
"RI","Rhode Island",1984,75.66
"RI","Rhode Island",1985,75.61
"RI","Rhode Island",1986,75.59
"RI","Rhode Island",1987,75.72
"RI","Rhode Island",1988,76.06
"RI","Rhode Island",1989,76.22
"RI","Rhode Island",1990,76.39
"RI","Rhode Island",1991,76.87
"RI","Rhode Island",1992,77.01
"RI","Rhode Island",1993,76.69
"RI","Rhode Island",1994,77.45
"RI","Rhode Island",1995,77.39
"RI","Rhode Island",1996,77.96
"RI","Rhode Island",1997,77.53
"RI","Rhode Island",1998,77.95
"RI","Rhode Island",1999,78.16
"RI","Rhode Island",2000,77.97
"RI","Rhode Island",2001,77.94
"RI","Rhode Island",2002,77.85
"RI","Rhode Island",2003,78.06
"RI","Rhode Island",2004,78.73
"RI","Rhode Island",2005,78.65
"RI","Rhode Island",2006,78.98
"RI","Rhode Island",2007,79.1
"RI","Rhode Island",2008,79.19
"RI","Rhode Island",2009,79.59
"RI","Rhode Island",2010,79.5
"RI","Rhode Island",2011,79.83
"RI","Rhode Island",2012,80.17
"RI","Rhode Island",2013,79.74
"RI","Rhode Island",2014,80.02
"RI","Rhode Island",2015,79.59
"RI","Rhode Island",2016,79.99
"RI","Rhode Island",2017,79.66
"RI","Rhode Island",2018,80.06
"RI","Rhode Island",2019,79.84
"SC","South Carolina",1959,66.37
"SC","South Carolina",1960,66.1
"SC","South Carolina",1961,66.87
"SC","South Carolina",1962,67.08
"SC","South Carolina",1963,66.47
"SC","South Carolina",1964,67.03
"SC","South Carolina",1965,67
"SC","South Carolina",1966,66.98
"SC","South Carolina",1967,67.6
"SC","South Carolina",1968,66.89
"SC","South Carolina",1969,67.62
"SC","South Carolina",1970,68.08
"SC","South Carolina",1971,68.28
"SC","South Carolina",1972,68.3
"SC","South Carolina",1973,68.18
"SC","South Carolina",1974,69.12
"SC","South Carolina",1975,70.15
"SC","South Carolina",1976,70.58
"SC","South Carolina",1977,70.7
"SC","South Carolina",1978,71.34
"SC","South Carolina",1979,71.69
"SC","South Carolina",1980,71.79
"SC","South Carolina",1981,72.11
"SC","South Carolina",1982,72.75
"SC","South Carolina",1983,72.65
"SC","South Carolina",1984,72.94
"SC","South Carolina",1985,73
"SC","South Carolina",1986,72.83
"SC","South Carolina",1987,73.02
"SC","South Carolina",1988,73.03
"SC","South Carolina",1989,73.23
"SC","South Carolina",1990,73.62
"SC","South Carolina",1991,73.88
"SC","South Carolina",1992,74.09
"SC","South Carolina",1993,73.92
"SC","South Carolina",1994,74.19
"SC","South Carolina",1995,74.12
"SC","South Carolina",1996,74.25
"SC","South Carolina",1997,74.77
"SC","South Carolina",1998,74.78
"SC","South Carolina",1999,74.62
"SC","South Carolina",2000,74.74
"SC","South Carolina",2001,75.05
"SC","South Carolina",2002,75.08
"SC","South Carolina",2003,75.24
"SC","South Carolina",2004,75.7
"SC","South Carolina",2005,75.62
"SC","South Carolina",2006,75.96
"SC","South Carolina",2007,76.14
"SC","South Carolina",2008,76.49
"SC","South Carolina",2009,76.79
"SC","South Carolina",2010,76.75
"SC","South Carolina",2011,76.99
"SC","South Carolina",2012,77.05
"SC","South Carolina",2013,77.06
"SC","South Carolina",2014,77.08
"SC","South Carolina",2015,76.82
"SC","South Carolina",2016,76.86
"SC","South Carolina",2017,76.9
"SC","South Carolina",2018,76.92
"SC","South Carolina",2019,77.16
"SD","South Dakota",1959,70.99
"SD","South Dakota",1960,70.52
"SD","South Dakota",1961,71.44
"SD","South Dakota",1962,70.87
"SD","South Dakota",1963,71.09
"SD","South Dakota",1964,71.42
"SD","South Dakota",1965,71.89
"SD","South Dakota",1966,71.63
"SD","South Dakota",1967,72.5
"SD","South Dakota",1968,72.08
"SD","South Dakota",1969,71.68
"SD","South Dakota",1970,72.33
"SD","South Dakota",1971,72.39
"SD","South Dakota",1972,71.5
"SD","South Dakota",1973,72.91
"SD","South Dakota",1974,73.14
"SD","South Dakota",1975,73.68
"SD","South Dakota",1976,73.35
"SD","South Dakota",1977,74.31
"SD","South Dakota",1978,74.41
"SD","South Dakota",1979,74.99
"SD","South Dakota",1980,74.78
"SD","South Dakota",1981,75.26
"SD","South Dakota",1982,75.48
"SD","South Dakota",1983,75.53
"SD","South Dakota",1984,75.95
"SD","South Dakota",1985,76.11
"SD","South Dakota",1986,75.75
"SD","South Dakota",1987,76.19
"SD","South Dakota",1988,76.55
"SD","South Dakota",1989,76.69
"SD","South Dakota",1990,77.14
"SD","South Dakota",1991,77.01
"SD","South Dakota",1992,76.93
"SD","South Dakota",1993,76.86
"SD","South Dakota",1994,77.16
"SD","South Dakota",1995,77.19
"SD","South Dakota",1996,77.51
"SD","South Dakota",1997,77.67
"SD","South Dakota",1998,77.46
"SD","South Dakota",1999,77.65
"SD","South Dakota",2000,77.98
"SD","South Dakota",2001,78.03
"SD","South Dakota",2002,78.3
"SD","South Dakota",2003,77.77
"SD","South Dakota",2004,78.44
"SD","South Dakota",2005,78.31
"SD","South Dakota",2006,78.67
"SD","South Dakota",2007,79.31
"SD","South Dakota",2008,79
"SD","South Dakota",2009,79.26
"SD","South Dakota",2010,79.28
"SD","South Dakota",2011,79.28
"SD","South Dakota",2012,79.09
"SD","South Dakota",2013,79.69
"SD","South Dakota",2014,79.24
"SD","South Dakota",2015,78.95
"SD","South Dakota",2016,78.97
"SD","South Dakota",2017,78.75
"SD","South Dakota",2018,79.18
"SD","South Dakota",2019,78.72
"TN","Tennessee",1959,69.53
"TN","Tennessee",1960,69.38
"TN","Tennessee",1961,69.79
"TN","Tennessee",1962,69.59
"TN","Tennessee",1963,69.28
"TN","Tennessee",1964,69.63
"TN","Tennessee",1965,69.95
"TN","Tennessee",1966,69.74
"TN","Tennessee",1967,70.08
"TN","Tennessee",1968,69.76
"TN","Tennessee",1969,69.88
"TN","Tennessee",1970,69.97
"TN","Tennessee",1971,70.6
"TN","Tennessee",1972,70.41
"TN","Tennessee",1973,70.56
"TN","Tennessee",1974,71.12
"TN","Tennessee",1975,71.8
"TN","Tennessee",1976,72.11
"TN","Tennessee",1977,72.38
"TN","Tennessee",1978,72.93
"TN","Tennessee",1979,73.31
"TN","Tennessee",1980,73.05
"TN","Tennessee",1981,73.52
"TN","Tennessee",1982,73.94
"TN","Tennessee",1983,73.83
"TN","Tennessee",1984,73.82
"TN","Tennessee",1985,73.85
"TN","Tennessee",1986,73.87
"TN","Tennessee",1987,73.91
"TN","Tennessee",1988,73.95
"TN","Tennessee",1989,74.32
"TN","Tennessee",1990,74.18
"TN","Tennessee",1991,74.5
"TN","Tennessee",1992,74.74
"TN","Tennessee",1993,74.34
"TN","Tennessee",1994,74.38
"TN","Tennessee",1995,74.33
"TN","Tennessee",1996,74.68
"TN","Tennessee",1997,74.68
"TN","Tennessee",1998,74.8
"TN","Tennessee",1999,74.96
"TN","Tennessee",2000,74.71
"TN","Tennessee",2001,75.02
"TN","Tennessee",2002,74.81
"TN","Tennessee",2003,74.85
"TN","Tennessee",2004,75.29
"TN","Tennessee",2005,75.24
"TN","Tennessee",2006,75.52
"TN","Tennessee",2007,75.87
"TN","Tennessee",2008,75.89
"TN","Tennessee",2009,76.13
"TN","Tennessee",2010,76.17
"TN","Tennessee",2011,76.3
"TN","Tennessee",2012,76.28
"TN","Tennessee",2013,76.34
"TN","Tennessee",2014,76.23
"TN","Tennessee",2015,76.15
"TN","Tennessee",2016,75.99
"TN","Tennessee",2017,75.81
"TN","Tennessee",2018,75.88
"TN","Tennessee",2019,75.95
"TX","Texas",1959,70.42
"TX","Texas",1960,70.18
"TX","Texas",1961,70.81
"TX","Texas",1962,70.42
"TX","Texas",1963,70.35
"TX","Texas",1964,70.62
"TX","Texas",1965,70.84
"TX","Texas",1966,70.61
"TX","Texas",1967,70.97
"TX","Texas",1968,70.42
"TX","Texas",1969,70.57
"TX","Texas",1970,70.84
"TX","Texas",1971,71.29
"TX","Texas",1972,71.08
"TX","Texas",1973,71.18
"TX","Texas",1974,71.93
"TX","Texas",1975,72.46
"TX","Texas",1976,72.7
"TX","Texas",1977,73.16
"TX","Texas",1978,73.18
"TX","Texas",1979,73.52
"TX","Texas",1980,73.59
"TX","Texas",1981,73.8
"TX","Texas",1982,74.22
"TX","Texas",1983,74.3
"TX","Texas",1984,74.43
"TX","Texas",1985,74.57
"TX","Texas",1986,74.79
"TX","Texas",1987,75.01
"TX","Texas",1988,74.94
"TX","Texas",1989,74.96
"TX","Texas",1990,75.18
"TX","Texas",1991,75.38
"TX","Texas",1992,75.53
"TX","Texas",1993,75.44
"TX","Texas",1994,75.65
"TX","Texas",1995,75.88
"TX","Texas",1996,76.04
"TX","Texas",1997,76.2
"TX","Texas",1998,76.51
"TX","Texas",1999,76.52
"TX","Texas",2000,76.52
"TX","Texas",2001,76.57
"TX","Texas",2002,76.61
"TX","Texas",2003,76.85
"TX","Texas",2004,77.29
"TX","Texas",2005,77.37
"TX","Texas",2006,77.64
"TX","Texas",2007,77.72
"TX","Texas",2008,77.77
"TX","Texas",2009,78.16
"TX","Texas",2010,78.34
"TX","Texas",2011,78.56
"TX","Texas",2012,78.57
"TX","Texas",2013,78.56
"TX","Texas",2014,78.57
"TX","Texas",2015,78.58
"TX","Texas",2016,78.72
"TX","Texas",2017,78.69
"TX","Texas",2018,78.82
"TX","Texas",2019,79.03
"UT","Utah",1959,71.62
"UT","Utah",1960,71.75
"UT","Utah",1961,71.9
"UT","Utah",1962,71.81
"UT","Utah",1963,71.73
"UT","Utah",1964,72.22
"UT","Utah",1965,71.94
"UT","Utah",1966,71.8
"UT","Utah",1967,72.87
"UT","Utah",1968,72.54
"UT","Utah",1969,73.04
"UT","Utah",1970,72.77
"UT","Utah",1971,73.09
"UT","Utah",1972,73.23
"UT","Utah",1973,73.33
"UT","Utah",1974,74.13
"UT","Utah",1975,74.2
"UT","Utah",1976,74.9
"UT","Utah",1977,75.17
"UT","Utah",1978,75.08
"UT","Utah",1979,75.75
"UT","Utah",1980,75.78
"UT","Utah",1981,75.89
"UT","Utah",1982,76.13
"UT","Utah",1983,76.56
"UT","Utah",1984,76.31
"UT","Utah",1985,76.53
"UT","Utah",1986,77
"UT","Utah",1987,76.98
"UT","Utah",1988,77.24
"UT","Utah",1989,77.55
"UT","Utah",1990,78
"UT","Utah",1991,77.94
"UT","Utah",1992,78.27
"UT","Utah",1993,77.92
"UT","Utah",1994,78.2
"UT","Utah",1995,78.17
"UT","Utah",1996,78.49
"UT","Utah",1997,78.4
"UT","Utah",1998,78.42
"UT","Utah",1999,78.51
"UT","Utah",2000,78.6
"UT","Utah",2001,78.64
"UT","Utah",2002,78.59
"UT","Utah",2003,78.62
"UT","Utah",2004,78.85
"UT","Utah",2005,79.2
"UT","Utah",2006,79.22
"UT","Utah",2007,79.23
"UT","Utah",2008,79.75
"UT","Utah",2009,79.93
"UT","Utah",2010,79.81
"UT","Utah",2011,79.8
"UT","Utah",2012,79.85
"UT","Utah",2013,79.68
"UT","Utah",2014,79.71
"UT","Utah",2015,79.58
"UT","Utah",2016,79.48
"UT","Utah",2017,79.73
"UT","Utah",2018,79.92
"UT","Utah",2019,80.07
"VY",NA,1959,70.36
"VY",NA,1960,70.43
"VY",NA,1961,70.6
"VY",NA,1962,70.73
"VY",NA,1963,70.6
"VY",NA,1964,70.42
"VY",NA,1965,70.5
"VY",NA,1966,70.69
"VY",NA,1967,70.96
"VY",NA,1968,70.89
"VY",NA,1969,71.3
"VY",NA,1970,71.85
"VY",NA,1971,72.2
"VY",NA,1972,72.79
"VY",NA,1973,72.14
"VY",NA,1974,72.94
"VY",NA,1975,73.49
"VY",NA,1976,73.95
"VY",NA,1977,74.56
"VY",NA,1978,74.07
"VY",NA,1979,75.16
"VY",NA,1980,74.29
"VY",NA,1981,75.27
"VY",NA,1982,75.14
"VY",NA,1983,75.18
"VY",NA,1984,75.58
"VY",NA,1985,75.5
"VY",NA,1986,75.37
"VY",NA,1987,75.52
"VY",NA,1988,76.37
"VY",NA,1989,76.42
"VY",NA,1990,76.7
"VY",NA,1991,77.25
"VY",NA,1992,76.85
"VY",NA,1993,76.63
"VY",NA,1994,77.48
"VY",NA,1995,77.2
"VY",NA,1996,77.65
"VY",NA,1997,77.78
"VY",NA,1998,78.07
"VY",NA,1999,78.11
"VY",NA,2000,78.19
"VY",NA,2001,78.31
"VY",NA,2002,78.78
"VY",NA,2003,78.9
"VY",NA,2004,79.48
"VY",NA,2005,79.37
"VY",NA,2006,79.44
"VY",NA,2007,79.58
"VY",NA,2008,79.78
"VY",NA,2009,80.32
"VY",NA,2010,80.08
"VY",NA,2011,79.83
"VY",NA,2012,80.23
"VY",NA,2013,79.87
"VY",NA,2014,80.11
"VY",NA,2015,79.76
"VY",NA,2016,79.69
"VY",NA,2017,79.62
"VY",NA,2018,79.61
"VY",NA,2019,80.08
"VA","Virginia",1959,68.8
"VA","Virginia",1960,68.72
"VA","Virginia",1961,69.28
"VA","Virginia",1962,69
"VA","Virginia",1963,68.84
"VA","Virginia",1964,69.23
"VA","Virginia",1965,69.34
"VA","Virginia",1966,69.49
"VA","Virginia",1967,69.8
"VA","Virginia",1968,69.29
"VA","Virginia",1969,69.76
"VA","Virginia",1970,70.24
"VA","Virginia",1971,70.51
"VA","Virginia",1972,70.45
"VA","Virginia",1973,70.76
"VA","Virginia",1974,71.42
"VA","Virginia",1975,72.02
"VA","Virginia",1976,72.34
"VA","Virginia",1977,72.8
"VA","Virginia",1978,73.13
"VA","Virginia",1979,73.41
"VA","Virginia",1980,73.32
"VA","Virginia",1981,73.81
"VA","Virginia",1982,74.3
"VA","Virginia",1983,74.25
"VA","Virginia",1984,74.33
"VA","Virginia",1985,74.47
"VA","Virginia",1986,74.48
"VA","Virginia",1987,74.79
"VA","Virginia",1988,74.83
"VA","Virginia",1989,75.22
"VA","Virginia",1990,75.33
"VA","Virginia",1991,75.4
"VA","Virginia",1992,75.79
"VA","Virginia",1993,75.63
"VA","Virginia",1994,75.77
"VA","Virginia",1995,75.94
"VA","Virginia",1996,76.14
"VA","Virginia",1997,76.4
"VA","Virginia",1998,76.62
"VA","Virginia",1999,76.71
"VA","Virginia",2000,76.78
"VA","Virginia",2001,77.06
"VA","Virginia",2002,77.18
"VA","Virginia",2003,77.14
"VA","Virginia",2004,77.76
"VA","Virginia",2005,77.74
"VA","Virginia",2006,78.1
"VA","Virginia",2007,78.21
"VA","Virginia",2008,78.42
"VA","Virginia",2009,78.76
"VA","Virginia",2010,79.04
"VA","Virginia",2011,79.02
"VA","Virginia",2012,79.23
"VA","Virginia",2013,79.33
"VA","Virginia",2014,79.42
"VA","Virginia",2015,79.3
"VA","Virginia",2016,79.31
"VA","Virginia",2017,79.26
"VA","Virginia",2018,79.38
"VA","Virginia",2019,79.52
"WA","Washington",1959,70.8
"WA","Washington",1960,71.05
"WA","Washington",1961,71.36
"WA","Washington",1962,71.25
"WA","Washington",1963,71.45
"WA","Washington",1964,71.39
"WA","Washington",1965,71.89
"WA","Washington",1966,71.4
"WA","Washington",1967,71.5
"WA","Washington",1968,71.19
"WA","Washington",1969,71.41
"WA","Washington",1970,71.88
"WA","Washington",1971,72.09
"WA","Washington",1972,72.54
"WA","Washington",1973,72.55
"WA","Washington",1974,73.2
"WA","Washington",1975,73.58
"WA","Washington",1976,73.84
"WA","Washington",1977,74.46
"WA","Washington",1978,74.62
"WA","Washington",1979,75.18
"WA","Washington",1980,75.01
"WA","Washington",1981,75.45
"WA","Washington",1982,75.77
"WA","Washington",1983,76.04
"WA","Washington",1984,75.86
"WA","Washington",1985,75.86
"WA","Washington",1986,76.26
"WA","Washington",1987,76.29
"WA","Washington",1988,76.27
"WA","Washington",1989,76.77
"WA","Washington",1990,76.79
"WA","Washington",1991,77.17
"WA","Washington",1992,77.19
"WA","Washington",1993,76.96
"WA","Washington",1994,77.33
"WA","Washington",1995,77.45
"WA","Washington",1996,77.45
"WA","Washington",1997,77.93
"WA","Washington",1998,77.98
"WA","Washington",1999,77.99
"WA","Washington",2000,78.19
"WA","Washington",2001,78.27
"WA","Washington",2002,78.34
"WA","Washington",2003,78.47
"WA","Washington",2004,78.99
"WA","Washington",2005,78.98
"WA","Washington",2006,79.34
"WA","Washington",2007,79.36
"WA","Washington",2008,79.35
"WA","Washington",2009,79.66
"WA","Washington",2010,80.07
"WA","Washington",2011,80.07
"WA","Washington",2012,80.16
"WA","Washington",2013,80.28
"WA","Washington",2014,80.3
"WA","Washington",2015,80.08
"WA","Washington",2016,80.34
"WA","Washington",2017,80.16
"WA","Washington",2018,80.35
"WA","Washington",2019,80.39
"WV","West Virginia",1959,69.36
"WV","West Virginia",1960,69.56
"WV","West Virginia",1961,69.8
"WV","West Virginia",1962,69.53
"WV","West Virginia",1963,69.16
"WV","West Virginia",1964,69.78
"WV","West Virginia",1965,69.46
"WV","West Virginia",1966,69.43
"WV","West Virginia",1967,69.54
"WV","West Virginia",1968,69.39
"WV","West Virginia",1969,69.49
"WV","West Virginia",1970,69.2
"WV","West Virginia",1971,69.85
"WV","West Virginia",1972,69.69
"WV","West Virginia",1973,70.24
"WV","West Virginia",1974,70.71
"WV","West Virginia",1975,70.99
"WV","West Virginia",1976,71.26
"WV","West Virginia",1977,71.78
"WV","West Virginia",1978,71.83
"WV","West Virginia",1979,72.49
"WV","West Virginia",1980,72.64
"WV","West Virginia",1981,73.17
"WV","West Virginia",1982,73.45
"WV","West Virginia",1983,73.61
"WV","West Virginia",1984,73.78
"WV","West Virginia",1985,73.79
"WV","West Virginia",1986,73.58
"WV","West Virginia",1987,73.77
"WV","West Virginia",1988,73.88
"WV","West Virginia",1989,74.01
"WV","West Virginia",1990,74.43
"WV","West Virginia",1991,74.21
"WV","West Virginia",1992,74.45
"WV","West Virginia",1993,74.3
"WV","West Virginia",1994,74.84
"WV","West Virginia",1995,74.8
"WV","West Virginia",1996,74.81
"WV","West Virginia",1997,74.73
"WV","West Virginia",1998,74.84
"WV","West Virginia",1999,74.96
"WV","West Virginia",2000,74.88
"WV","West Virginia",2001,75.1
"WV","West Virginia",2002,74.82
"WV","West Virginia",2003,74.9
"WV","West Virginia",2004,75.15
"WV","West Virginia",2005,75.23
"WV","West Virginia",2006,75.24
"WV","West Virginia",2007,75.08
"WV","West Virginia",2008,75.2
"WV","West Virginia",2009,75.22
"WV","West Virginia",2010,75.48
"WV","West Virginia",2011,75.16
"WV","West Virginia",2012,75.25
"WV","West Virginia",2013,75.4
"WV","West Virginia",2014,75.31
"WV","West Virginia",2015,75.14
"WV","West Virginia",2016,74.84
"WV","West Virginia",2017,74.62
"WV","West Virginia",2018,74.7
"WV","West Virginia",2019,74.87
"WI","Wisconsin",1959,71.18
"WI","Wisconsin",1960,71.11
"WI","Wisconsin",1961,71.69
"WI","Wisconsin",1962,71.69
"WI","Wisconsin",1963,71.51
"WI","Wisconsin",1964,71.8
"WI","Wisconsin",1965,71.63
"WI","Wisconsin",1966,71.74
"WI","Wisconsin",1967,72.21
"WI","Wisconsin",1968,71.85
"WI","Wisconsin",1969,72.18
"WI","Wisconsin",1970,72.47
"WI","Wisconsin",1971,72.93
"WI","Wisconsin",1972,72.81
"WI","Wisconsin",1973,73.17
"WI","Wisconsin",1974,73.47
"WI","Wisconsin",1975,73.99
"WI","Wisconsin",1976,74.28
"WI","Wisconsin",1977,74.76
"WI","Wisconsin",1978,74.74
"WI","Wisconsin",1979,75.37
"WI","Wisconsin",1980,75.29
"WI","Wisconsin",1981,75.55
"WI","Wisconsin",1982,75.94
"WI","Wisconsin",1983,76
"WI","Wisconsin",1984,76.13
"WI","Wisconsin",1985,76.36
"WI","Wisconsin",1986,76.3
"WI","Wisconsin",1987,76.49
"WI","Wisconsin",1988,76.51
"WI","Wisconsin",1989,76.82
"WI","Wisconsin",1990,76.87
"WI","Wisconsin",1991,77.04
"WI","Wisconsin",1992,77.57
"WI","Wisconsin",1993,77.12
"WI","Wisconsin",1994,77.31
"WI","Wisconsin",1995,77.42
"WI","Wisconsin",1996,77.53
"WI","Wisconsin",1997,77.89
"WI","Wisconsin",1998,77.75
"WI","Wisconsin",1999,77.8
"WI","Wisconsin",2000,77.97
"WI","Wisconsin",2001,78.07
"WI","Wisconsin",2002,78.13
"WI","Wisconsin",2003,78.52
"WI","Wisconsin",2004,78.88
"WI","Wisconsin",2005,78.72
"WI","Wisconsin",2006,79.1
"WI","Wisconsin",2007,79.14
"WI","Wisconsin",2008,79.3
"WI","Wisconsin",2009,79.79
"WI","Wisconsin",2010,79.63
"WI","Wisconsin",2011,79.5
"WI","Wisconsin",2012,79.72
"WI","Wisconsin",2013,79.5
"WI","Wisconsin",2014,79.65
"WI","Wisconsin",2015,79.55
"WI","Wisconsin",2016,79.36
"WI","Wisconsin",2017,79.38
"WI","Wisconsin",2018,79.42
"WI","Wisconsin",2019,79.44
"WY","Wyoming",1959,70.01
"WY","Wyoming",1960,69.17
"WY","Wyoming",1961,70.58
"WY","Wyoming",1962,70.15
"WY","Wyoming",1963,69.81
"WY","Wyoming",1964,70
"WY","Wyoming",1965,70.77
"WY","Wyoming",1966,71.45
"WY","Wyoming",1967,71.29
"WY","Wyoming",1968,70.7
"WY","Wyoming",1969,70.06
"WY","Wyoming",1970,70.84
"WY","Wyoming",1971,70.44
"WY","Wyoming",1972,70.74
"WY","Wyoming",1973,71.18
"WY","Wyoming",1974,71.25
"WY","Wyoming",1975,71.6
"WY","Wyoming",1976,71.98
"WY","Wyoming",1977,72.78
"WY","Wyoming",1978,73.08
"WY","Wyoming",1979,73.67
"WY","Wyoming",1980,73.75
"WY","Wyoming",1981,74.33
"WY","Wyoming",1982,74.77
"WY","Wyoming",1983,75.33
"WY","Wyoming",1984,75.5
"WY","Wyoming",1985,75.21
"WY","Wyoming",1986,75.63
"WY","Wyoming",1987,76.61
"WY","Wyoming",1988,75.86
"WY","Wyoming",1989,75.96
"WY","Wyoming",1990,76.42
"WY","Wyoming",1991,76.67
"WY","Wyoming",1992,76.44
"WY","Wyoming",1993,76.47
"WY","Wyoming",1994,76.75
"WY","Wyoming",1995,76.28
"WY","Wyoming",1996,77.07
"WY","Wyoming",1997,76.97
"WY","Wyoming",1998,76.81
"WY","Wyoming",1999,76.55
"WY","Wyoming",2000,77.11
"WY","Wyoming",2001,76.92
"WY","Wyoming",2002,76.59
"WY","Wyoming",2003,76.86
"WY","Wyoming",2004,77.63
"WY","Wyoming",2005,77.49
"WY","Wyoming",2006,77.12
"WY","Wyoming",2007,77.36
"WY","Wyoming",2008,77.85
"WY","Wyoming",2009,78.11
"WY","Wyoming",2010,78.03
"WY","Wyoming",2011,78.34
"WY","Wyoming",2012,78.47
"WY","Wyoming",2013,78.77
"WY","Wyoming",2014,78.42
"WY","Wyoming",2015,78.26
"WY","Wyoming",2016,78.85
"WY","Wyoming",2017,79.07
"WY","Wyoming",2018,78.65
"WY","Wyoming",2019,78.51
"CT","Connecticut",1959,71.09
"CT","Connecticut",1960,71.05
"CT","Connecticut",1961,71.41
"CT","Connecticut",1962,71.11
"CT","Connecticut",1963,70.99
"CT","Connecticut",1964,71.48
"CT","Connecticut",1965,71.44
"CT","Connecticut",1966,71.47
"CT","Connecticut",1967,71.73
"CT","Connecticut",1968,71.64
"CT","Connecticut",1969,72.18
"CT","Connecticut",1970,72.57
"CT","Connecticut",1971,72.9
"CT","Connecticut",1972,72.99
"CT","Connecticut",1973,73.22
"CT","Connecticut",1974,73.65
"CT","Connecticut",1975,74.02
"CT","Connecticut",1976,74.31
"CT","Connecticut",1977,74.73
"CT","Connecticut",1978,74.89
"CT","Connecticut",1979,75.18
"CT","Connecticut",1980,74.93
"CT","Connecticut",1981,75.39
"CT","Connecticut",1982,75.6
"CT","Connecticut",1983,75.9
"CT","Connecticut",1984,75.86
"CT","Connecticut",1985,75.91
"CT","Connecticut",1986,76.11
"CT","Connecticut",1987,76.26
"CT","Connecticut",1988,76.28
"CT","Connecticut",1989,76.47
"CT","Connecticut",1990,77.12
"CT","Connecticut",1991,77.19
"CT","Connecticut",1992,77.32
"CT","Connecticut",1993,77.08
"CT","Connecticut",1994,77.02
"CT","Connecticut",1995,77.3
"CT","Connecticut",1996,77.57
"CT","Connecticut",1997,77.92
"CT","Connecticut",1998,78.03
"CT","Connecticut",1999,78.44
"CT","Connecticut",2000,78.25
"CT","Connecticut",2001,78.61
"CT","Connecticut",2002,78.72
"CT","Connecticut",2003,79.09
"CT","Connecticut",2004,79.35
"CT","Connecticut",2005,79.51
"CT","Connecticut",2006,79.69
"CT","Connecticut",2007,80.05
"CT","Connecticut",2008,80.26
"CT","Connecticut",2009,80.5
"CT","Connecticut",2010,80.69
"CT","Connecticut",2011,80.69
"CT","Connecticut",2012,80.87
"CT","Connecticut",2013,80.94
"CT","Connecticut",2014,81.08
"CT","Connecticut",2015,80.81
"CT","Connecticut",2016,80.85
"CT","Connecticut",2017,80.69
"CT","Connecticut",2018,80.86
"CT","Connecticut",2019,80.76
"OK","Oklahoma",1959,71.13
"OK","Oklahoma",1960,70.79
"OK","Oklahoma",1961,71.15
"OK","Oklahoma",1962,71
"OK","Oklahoma",1963,70.92
"OK","Oklahoma",1964,71.16
"OK","Oklahoma",1965,71.65
"OK","Oklahoma",1966,71.27
"OK","Oklahoma",1967,71.42
"OK","Oklahoma",1968,71.26
"OK","Oklahoma",1969,71.25
"OK","Oklahoma",1970,71.06
"OK","Oklahoma",1971,71.94
"OK","Oklahoma",1972,71.67
"OK","Oklahoma",1973,71.91
"OK","Oklahoma",1974,72.11
"OK","Oklahoma",1975,72.37
"OK","Oklahoma",1976,72.66
"OK","Oklahoma",1977,73.2
"OK","Oklahoma",1978,72.99
"OK","Oklahoma",1979,73.51
"OK","Oklahoma",1980,73.58
"OK","Oklahoma",1981,73.77
"OK","Oklahoma",1982,73.69
"OK","Oklahoma",1983,74.3
"OK","Oklahoma",1984,74.58
"OK","Oklahoma",1985,74.54
"OK","Oklahoma",1986,74.62
"OK","Oklahoma",1987,75.05
"OK","Oklahoma",1988,74.88
"OK","Oklahoma",1989,75.12
"OK","Oklahoma",1990,74.97
"OK","Oklahoma",1991,75.1
"OK","Oklahoma",1992,75.25
"OK","Oklahoma",1993,74.71
"OK","Oklahoma",1994,74.84
"OK","Oklahoma",1995,74.88
"OK","Oklahoma",1996,75.06
"OK","Oklahoma",1997,74.96
"OK","Oklahoma",1998,75.15
"OK","Oklahoma",1999,75.02
"OK","Oklahoma",2000,75.03
"OK","Oklahoma",2001,75.3
"OK","Oklahoma",2002,75.06
"OK","Oklahoma",2003,75.07
"OK","Oklahoma",2004,75.45
"OK","Oklahoma",2005,75.06
"OK","Oklahoma",2006,75.38
"OK","Oklahoma",2007,75.3
"OK","Oklahoma",2008,75.14
"OK","Oklahoma",2009,75.64
"OK","Oklahoma",2010,75.7
"OK","Oklahoma",2011,75.68
"OK","Oklahoma",2012,75.89
"OK","Oklahoma",2013,75.67
"OK","Oklahoma",2014,75.75
"OK","Oklahoma",2015,75.68
"OK","Oklahoma",2016,75.8
"OK","Oklahoma",2017,75.76
"OK","Oklahoma",2018,75.93
"OK","Oklahoma",2019,76.09
